DatetimeUTC,timestamp,t,dt,demand,solar
10/30/2017 0:00,10/30/2017 0:00,174240,1,28.933,0
10/30/2017 0:01,10/30/2017 0:05,174241,1,28.935,0
10/30/2017 0:02,10/30/2017 0:05,174242,1,28.935,0
10/30/2017 0:03,10/30/2017 0:05,174243,1,28.935,0
10/30/2017 0:04,10/30/2017 0:05,174244,1,28.935,0
10/30/2017 0:05,10/30/2017 0:05,174245,1,28.935,0
10/30/2017 0:06,10/30/2017 0:10,174246,1,28.922,0
10/30/2017 0:07,10/30/2017 0:10,174247,1,28.922,0
10/30/2017 0:08,10/30/2017 0:10,174248,1,28.922,0
10/30/2017 0:09,10/30/2017 0:10,174249,1,28.922,0
10/30/2017 0:10,10/30/2017 0:10,174250,1,28.922,0
10/30/2017 0:11,10/30/2017 0:15,174251,1,28.89,0
10/30/2017 0:12,10/30/2017 0:15,174252,1,28.89,0
10/30/2017 0:13,10/30/2017 0:15,174253,1,28.89,0
10/30/2017 0:14,10/30/2017 0:15,174254,1,28.89,0
10/30/2017 0:15,10/30/2017 0:15,174255,1,28.89,0
10/30/2017 0:16,10/30/2017 0:20,174256,1,28.844,0
10/30/2017 0:17,10/30/2017 0:20,174257,1,28.844,0
10/30/2017 0:18,10/30/2017 0:20,174258,1,28.844,0
10/30/2017 0:19,10/30/2017 0:20,174259,1,28.844,0
10/30/2017 0:20,10/30/2017 0:20,174260,1,28.844,0
10/30/2017 0:21,10/30/2017 0:25,174261,1,28.794,0
10/30/2017 0:22,10/30/2017 0:25,174262,1,28.794,0
10/30/2017 0:23,10/30/2017 0:25,174263,1,28.794,0
10/30/2017 0:24,10/30/2017 0:25,174264,1,28.794,0
10/30/2017 0:25,10/30/2017 0:25,174265,1,28.794,0
10/30/2017 0:26,10/30/2017 0:30,174266,1,28.754,0
10/30/2017 0:27,10/30/2017 0:30,174267,1,28.754,0
10/30/2017 0:28,10/30/2017 0:30,174268,1,28.754,0
10/30/2017 0:29,10/30/2017 0:30,174269,1,28.754,0
10/30/2017 0:30,10/30/2017 0:30,174270,1,28.754,0
10/30/2017 0:31,10/30/2017 0:35,174271,1,28.735,0
10/30/2017 0:32,10/30/2017 0:35,174272,1,28.735,0
10/30/2017 0:33,10/30/2017 0:35,174273,1,28.735,0
10/30/2017 0:34,10/30/2017 0:35,174274,1,28.735,0
10/30/2017 0:35,10/30/2017 0:35,174275,1,28.735,0
10/30/2017 0:36,10/30/2017 0:40,174276,1,28.737,0
10/30/2017 0:37,10/30/2017 0:40,174277,1,28.737,0
10/30/2017 0:38,10/30/2017 0:40,174278,1,28.737,0
10/30/2017 0:39,10/30/2017 0:40,174279,1,28.737,0
10/30/2017 0:40,10/30/2017 0:40,174280,1,28.737,0
10/30/2017 0:41,10/30/2017 0:45,174281,1,28.75,0
10/30/2017 0:42,10/30/2017 0:45,174282,1,28.75,0
10/30/2017 0:43,10/30/2017 0:45,174283,1,28.75,0
10/30/2017 0:44,10/30/2017 0:45,174284,1,28.75,0
10/30/2017 0:45,10/30/2017 0:45,174285,1,28.75,0
10/30/2017 0:46,10/30/2017 0:50,174286,1,28.753,0
10/30/2017 0:47,10/30/2017 0:50,174287,1,28.753,0
10/30/2017 0:48,10/30/2017 0:50,174288,1,28.753,0
10/30/2017 0:49,10/30/2017 0:50,174289,1,28.753,0
10/30/2017 0:50,10/30/2017 0:50,174290,1,28.753,0
10/30/2017 0:51,10/30/2017 0:55,174291,1,28.73,0
10/30/2017 0:52,10/30/2017 0:55,174292,1,28.73,0
10/30/2017 0:53,10/30/2017 0:55,174293,1,28.73,0
10/30/2017 0:54,10/30/2017 0:55,174294,1,28.73,0
10/30/2017 0:55,10/30/2017 0:55,174295,1,28.73,0
10/30/2017 0:56,10/30/2017 1:00,174296,1,28.668,0
10/30/2017 0:57,10/30/2017 1:00,174297,1,28.668,0
10/30/2017 0:58,10/30/2017 1:00,174298,1,28.668,0
10/30/2017 0:59,10/30/2017 1:00,174299,1,28.668,0
10/30/2017 1:00,10/30/2017 1:00,174300,1,28.668,0
10/30/2017 1:01,10/30/2017 1:05,174301,1,28.572,0
10/30/2017 1:02,10/30/2017 1:05,174302,1,28.572,0
10/30/2017 1:03,10/30/2017 1:05,174303,1,28.572,0
10/30/2017 1:04,10/30/2017 1:05,174304,1,28.572,0
10/30/2017 1:05,10/30/2017 1:05,174305,1,28.572,0
10/30/2017 1:06,10/30/2017 1:10,174306,1,28.46,0
10/30/2017 1:07,10/30/2017 1:10,174307,1,28.46,0
10/30/2017 1:08,10/30/2017 1:10,174308,1,28.46,0
10/30/2017 1:09,10/30/2017 1:10,174309,1,28.46,0
10/30/2017 1:10,10/30/2017 1:10,174310,1,28.46,0
10/30/2017 1:11,10/30/2017 1:15,174311,1,28.357,0
10/30/2017 1:12,10/30/2017 1:15,174312,1,28.357,0
10/30/2017 1:13,10/30/2017 1:15,174313,1,28.357,0
10/30/2017 1:14,10/30/2017 1:15,174314,1,28.357,0
10/30/2017 1:15,10/30/2017 1:15,174315,1,28.357,0
10/30/2017 1:16,10/30/2017 1:20,174316,1,28.287,0
10/30/2017 1:17,10/30/2017 1:20,174317,1,28.287,0
10/30/2017 1:18,10/30/2017 1:20,174318,1,28.287,0
10/30/2017 1:19,10/30/2017 1:20,174319,1,28.287,0
10/30/2017 1:20,10/30/2017 1:20,174320,1,28.287,0
10/30/2017 1:21,10/30/2017 1:25,174321,1,28.26,0
10/30/2017 1:22,10/30/2017 1:25,174322,1,28.26,0
10/30/2017 1:23,10/30/2017 1:25,174323,1,28.26,0
10/30/2017 1:24,10/30/2017 1:25,174324,1,28.26,0
10/30/2017 1:25,10/30/2017 1:25,174325,1,28.26,0
10/30/2017 1:26,10/30/2017 1:30,174326,1,28.271,0
10/30/2017 1:27,10/30/2017 1:30,174327,1,28.271,0
10/30/2017 1:28,10/30/2017 1:30,174328,1,28.271,0
10/30/2017 1:29,10/30/2017 1:30,174329,1,28.271,0
10/30/2017 1:30,10/30/2017 1:30,174330,1,28.271,0
10/30/2017 1:31,10/30/2017 1:35,174331,1,28.297,0
10/30/2017 1:32,10/30/2017 1:35,174332,1,28.297,0
10/30/2017 1:33,10/30/2017 1:35,174333,1,28.297,0
10/30/2017 1:34,10/30/2017 1:35,174334,1,28.297,0
10/30/2017 1:35,10/30/2017 1:35,174335,1,28.297,0
10/30/2017 1:36,10/30/2017 1:40,174336,1,28.314,0
10/30/2017 1:37,10/30/2017 1:40,174337,1,28.314,0
10/30/2017 1:38,10/30/2017 1:40,174338,1,28.314,0
10/30/2017 1:39,10/30/2017 1:40,174339,1,28.314,0
10/30/2017 1:40,10/30/2017 1:40,174340,1,28.314,0
10/30/2017 1:41,10/30/2017 1:45,174341,1,28.298,0
10/30/2017 1:42,10/30/2017 1:45,174342,1,28.298,0
10/30/2017 1:43,10/30/2017 1:45,174343,1,28.298,0
10/30/2017 1:44,10/30/2017 1:45,174344,1,28.298,0
10/30/2017 1:45,10/30/2017 1:45,174345,1,28.298,0
10/30/2017 1:46,10/30/2017 1:50,174346,1,28.24,0
10/30/2017 1:47,10/30/2017 1:50,174347,1,28.24,0
10/30/2017 1:48,10/30/2017 1:50,174348,1,28.24,0
10/30/2017 1:49,10/30/2017 1:50,174349,1,28.24,0
10/30/2017 1:50,10/30/2017 1:50,174350,1,28.24,0
10/30/2017 1:51,10/30/2017 1:55,174351,1,28.148,0
10/30/2017 1:52,10/30/2017 1:55,174352,1,28.148,0
10/30/2017 1:53,10/30/2017 1:55,174353,1,28.148,0
10/30/2017 1:54,10/30/2017 1:55,174354,1,28.148,0
10/30/2017 1:55,10/30/2017 1:55,174355,1,28.148,0
10/30/2017 1:56,10/30/2017 2:00,174356,1,28.041,0
10/30/2017 1:57,10/30/2017 2:00,174357,1,28.041,0
10/30/2017 1:58,10/30/2017 2:00,174358,1,28.041,0
10/30/2017 1:59,10/30/2017 2:00,174359,1,28.041,0
10/30/2017 2:00,10/30/2017 2:00,174360,1,28.041,0
10/30/2017 2:01,10/30/2017 2:05,174361,1,27.942,0
10/30/2017 2:02,10/30/2017 2:05,174362,1,27.942,0
10/30/2017 2:03,10/30/2017 2:05,174363,1,27.942,0
10/30/2017 2:04,10/30/2017 2:05,174364,1,27.942,0
10/30/2017 2:05,10/30/2017 2:05,174365,1,27.942,0
10/30/2017 2:06,10/30/2017 2:10,174366,1,27.868,0
10/30/2017 2:07,10/30/2017 2:10,174367,1,27.868,0
10/30/2017 2:08,10/30/2017 2:10,174368,1,27.868,0
10/30/2017 2:09,10/30/2017 2:10,174369,1,27.868,0
10/30/2017 2:10,10/30/2017 2:10,174370,1,27.868,0
10/30/2017 2:11,10/30/2017 2:15,174371,1,27.827,0
10/30/2017 2:12,10/30/2017 2:15,174372,1,27.827,0
10/30/2017 2:13,10/30/2017 2:15,174373,1,27.827,0
10/30/2017 2:14,10/30/2017 2:15,174374,1,27.827,0
10/30/2017 2:15,10/30/2017 2:15,174375,1,27.827,0
10/30/2017 2:16,10/30/2017 2:20,174376,1,27.815,0
10/30/2017 2:17,10/30/2017 2:20,174377,1,27.815,0
10/30/2017 2:18,10/30/2017 2:20,174378,1,27.815,0
10/30/2017 2:19,10/30/2017 2:20,174379,1,27.815,0
10/30/2017 2:20,10/30/2017 2:20,174380,1,27.815,0
10/30/2017 2:21,10/30/2017 2:25,174381,1,27.821,0
10/30/2017 2:22,10/30/2017 2:25,174382,1,27.821,0
10/30/2017 2:23,10/30/2017 2:25,174383,1,27.821,0
10/30/2017 2:24,10/30/2017 2:25,174384,1,27.821,0
10/30/2017 2:25,10/30/2017 2:25,174385,1,27.821,0
10/30/2017 2:26,10/30/2017 2:30,174386,1,27.832,0
10/30/2017 2:27,10/30/2017 2:30,174387,1,27.832,0
10/30/2017 2:28,10/30/2017 2:30,174388,1,27.832,0
10/30/2017 2:29,10/30/2017 2:30,174389,1,27.832,0
10/30/2017 2:30,10/30/2017 2:30,174390,1,27.832,0
10/30/2017 2:31,10/30/2017 2:35,174391,1,27.836,0
10/30/2017 2:32,10/30/2017 2:35,174392,1,27.836,0
10/30/2017 2:33,10/30/2017 2:35,174393,1,27.836,0
10/30/2017 2:34,10/30/2017 2:35,174394,1,27.836,0
10/30/2017 2:35,10/30/2017 2:35,174395,1,27.836,0
10/30/2017 2:36,10/30/2017 2:40,174396,1,27.826,0
10/30/2017 2:37,10/30/2017 2:40,174397,1,27.826,0
10/30/2017 2:38,10/30/2017 2:40,174398,1,27.826,0
10/30/2017 2:39,10/30/2017 2:40,174399,1,27.826,0
10/30/2017 2:40,10/30/2017 2:40,174400,1,27.826,0
10/30/2017 2:41,10/30/2017 2:45,174401,1,27.794,0
10/30/2017 2:42,10/30/2017 2:45,174402,1,27.794,0
10/30/2017 2:43,10/30/2017 2:45,174403,1,27.794,0
10/30/2017 2:44,10/30/2017 2:45,174404,1,27.794,0
10/30/2017 2:45,10/30/2017 2:45,174405,1,27.794,0
10/30/2017 2:46,10/30/2017 2:50,174406,1,27.735,0
10/30/2017 2:47,10/30/2017 2:50,174407,1,27.735,0
10/30/2017 2:48,10/30/2017 2:50,174408,1,27.735,0
10/30/2017 2:49,10/30/2017 2:50,174409,1,27.735,0
10/30/2017 2:50,10/30/2017 2:50,174410,1,27.735,0
10/30/2017 2:51,10/30/2017 2:55,174411,1,27.646,0
10/30/2017 2:52,10/30/2017 2:55,174412,1,27.646,0
10/30/2017 2:53,10/30/2017 2:55,174413,1,27.646,0
10/30/2017 2:54,10/30/2017 2:55,174414,1,27.646,0
10/30/2017 2:55,10/30/2017 2:55,174415,1,27.646,0
10/30/2017 2:56,10/30/2017 3:00,174416,1,27.527,0
10/30/2017 2:57,10/30/2017 3:00,174417,1,27.527,0
10/30/2017 2:58,10/30/2017 3:00,174418,1,27.527,0
10/30/2017 2:59,10/30/2017 3:00,174419,1,27.527,0
10/30/2017 3:00,10/30/2017 3:00,174420,1,27.527,0
10/30/2017 3:01,10/30/2017 3:05,174421,1,27.387,0
10/30/2017 3:02,10/30/2017 3:05,174422,1,27.387,0
10/30/2017 3:03,10/30/2017 3:05,174423,1,27.387,0
10/30/2017 3:04,10/30/2017 3:05,174424,1,27.387,0
10/30/2017 3:05,10/30/2017 3:05,174425,1,27.387,0
10/30/2017 3:06,10/30/2017 3:10,174426,1,27.241,0
10/30/2017 3:07,10/30/2017 3:10,174427,1,27.241,0
10/30/2017 3:08,10/30/2017 3:10,174428,1,27.241,0
10/30/2017 3:09,10/30/2017 3:10,174429,1,27.241,0
10/30/2017 3:10,10/30/2017 3:10,174430,1,27.241,0
10/30/2017 3:11,10/30/2017 3:15,174431,1,27.108,0
10/30/2017 3:12,10/30/2017 3:15,174432,1,27.108,0
10/30/2017 3:13,10/30/2017 3:15,174433,1,27.108,0
10/30/2017 3:14,10/30/2017 3:15,174434,1,27.108,0
10/30/2017 3:15,10/30/2017 3:15,174435,1,27.108,0
10/30/2017 3:16,10/30/2017 3:20,174436,1,27.004,0
10/30/2017 3:17,10/30/2017 3:20,174437,1,27.004,0
10/30/2017 3:18,10/30/2017 3:20,174438,1,27.004,0
10/30/2017 3:19,10/30/2017 3:20,174439,1,27.004,0
10/30/2017 3:20,10/30/2017 3:20,174440,1,27.004,0
10/30/2017 3:21,10/30/2017 3:25,174441,1,26.938,0
10/30/2017 3:22,10/30/2017 3:25,174442,1,26.938,0
10/30/2017 3:23,10/30/2017 3:25,174443,1,26.938,0
10/30/2017 3:24,10/30/2017 3:25,174444,1,26.938,0
10/30/2017 3:25,10/30/2017 3:25,174445,1,26.938,0
10/30/2017 3:26,10/30/2017 3:30,174446,1,26.904,0
10/30/2017 3:27,10/30/2017 3:30,174447,1,26.904,0
10/30/2017 3:28,10/30/2017 3:30,174448,1,26.904,0
10/30/2017 3:29,10/30/2017 3:30,174449,1,26.904,0
10/30/2017 3:30,10/30/2017 3:30,174450,1,26.904,0
10/30/2017 3:31,10/30/2017 3:35,174451,1,26.887,0
10/30/2017 3:32,10/30/2017 3:35,174452,1,26.887,0
10/30/2017 3:33,10/30/2017 3:35,174453,1,26.887,0
10/30/2017 3:34,10/30/2017 3:35,174454,1,26.887,0
10/30/2017 3:35,10/30/2017 3:35,174455,1,26.887,0
10/30/2017 3:36,10/30/2017 3:40,174456,1,26.865,0
10/30/2017 3:37,10/30/2017 3:40,174457,1,26.865,0
10/30/2017 3:38,10/30/2017 3:40,174458,1,26.865,0
10/30/2017 3:39,10/30/2017 3:40,174459,1,26.865,0
10/30/2017 3:40,10/30/2017 3:40,174460,1,26.865,0
10/30/2017 3:41,10/30/2017 3:45,174461,1,26.817,0
10/30/2017 3:42,10/30/2017 3:45,174462,1,26.817,0
10/30/2017 3:43,10/30/2017 3:45,174463,1,26.817,0
10/30/2017 3:44,10/30/2017 3:45,174464,1,26.817,0
10/30/2017 3:45,10/30/2017 3:45,174465,1,26.817,0
10/30/2017 3:46,10/30/2017 3:50,174466,1,26.732,0
10/30/2017 3:47,10/30/2017 3:50,174467,1,26.732,0
10/30/2017 3:48,10/30/2017 3:50,174468,1,26.732,0
10/30/2017 3:49,10/30/2017 3:50,174469,1,26.732,0
10/30/2017 3:50,10/30/2017 3:50,174470,1,26.732,0
10/30/2017 3:51,10/30/2017 3:55,174471,1,26.611,0
10/30/2017 3:52,10/30/2017 3:55,174472,1,26.611,0
10/30/2017 3:53,10/30/2017 3:55,174473,1,26.611,0
10/30/2017 3:54,10/30/2017 3:55,174474,1,26.611,0
10/30/2017 3:55,10/30/2017 3:55,174475,1,26.611,0
10/30/2017 3:56,10/30/2017 4:00,174476,1,26.467,0
10/30/2017 3:57,10/30/2017 4:00,174477,1,26.467,0
10/30/2017 3:58,10/30/2017 4:00,174478,1,26.467,0
10/30/2017 3:59,10/30/2017 4:00,174479,1,26.467,0
10/30/2017 4:00,10/30/2017 4:00,174480,1,26.467,0
10/30/2017 4:01,10/30/2017 4:05,174481,1,26.32,0
10/30/2017 4:02,10/30/2017 4:05,174482,1,26.32,0
10/30/2017 4:03,10/30/2017 4:05,174483,1,26.32,0
10/30/2017 4:04,10/30/2017 4:05,174484,1,26.32,0
10/30/2017 4:05,10/30/2017 4:05,174485,1,26.32,0
10/30/2017 4:06,10/30/2017 4:10,174486,1,26.188,0
10/30/2017 4:07,10/30/2017 4:10,174487,1,26.188,0
10/30/2017 4:08,10/30/2017 4:10,174488,1,26.188,0
10/30/2017 4:09,10/30/2017 4:10,174489,1,26.188,0
10/30/2017 4:10,10/30/2017 4:10,174490,1,26.188,0
10/30/2017 4:11,10/30/2017 4:15,174491,1,26.087,0
10/30/2017 4:12,10/30/2017 4:15,174492,1,26.087,0
10/30/2017 4:13,10/30/2017 4:15,174493,1,26.087,0
10/30/2017 4:14,10/30/2017 4:15,174494,1,26.087,0
10/30/2017 4:15,10/30/2017 4:15,174495,1,26.087,0
10/30/2017 4:16,10/30/2017 4:20,174496,1,26.024,0
10/30/2017 4:17,10/30/2017 4:20,174497,1,26.024,0
10/30/2017 4:18,10/30/2017 4:20,174498,1,26.024,0
10/30/2017 4:19,10/30/2017 4:20,174499,1,26.024,0
10/30/2017 4:20,10/30/2017 4:20,174500,1,26.024,0
10/30/2017 4:21,10/30/2017 4:25,174501,1,25.994,0
10/30/2017 4:22,10/30/2017 4:25,174502,1,25.994,0
10/30/2017 4:23,10/30/2017 4:25,174503,1,25.994,0
10/30/2017 4:24,10/30/2017 4:25,174504,1,25.994,0
10/30/2017 4:25,10/30/2017 4:25,174505,1,25.994,0
10/30/2017 4:26,10/30/2017 4:30,174506,1,25.99,0
10/30/2017 4:27,10/30/2017 4:30,174507,1,25.99,0
10/30/2017 4:28,10/30/2017 4:30,174508,1,25.99,0
10/30/2017 4:29,10/30/2017 4:30,174509,1,25.99,0
10/30/2017 4:30,10/30/2017 4:30,174510,1,25.99,0
10/30/2017 4:31,10/30/2017 4:35,174511,1,25.995,0
10/30/2017 4:32,10/30/2017 4:35,174512,1,25.995,0
10/30/2017 4:33,10/30/2017 4:35,174513,1,25.995,0
10/30/2017 4:34,10/30/2017 4:35,174514,1,25.995,0
10/30/2017 4:35,10/30/2017 4:35,174515,1,25.995,0
10/30/2017 4:36,10/30/2017 4:40,174516,1,25.997,0
10/30/2017 4:37,10/30/2017 4:40,174517,1,25.997,0
10/30/2017 4:38,10/30/2017 4:40,174518,1,25.997,0
10/30/2017 4:39,10/30/2017 4:40,174519,1,25.997,0
10/30/2017 4:40,10/30/2017 4:40,174520,1,25.997,0
10/30/2017 4:41,10/30/2017 4:45,174521,1,25.982,0
10/30/2017 4:42,10/30/2017 4:45,174522,1,25.982,0
10/30/2017 4:43,10/30/2017 4:45,174523,1,25.982,0
10/30/2017 4:44,10/30/2017 4:45,174524,1,25.982,0
10/30/2017 4:45,10/30/2017 4:45,174525,1,25.982,0
10/30/2017 4:46,10/30/2017 4:50,174526,1,25.945,0
10/30/2017 4:47,10/30/2017 4:50,174527,1,25.945,0
10/30/2017 4:48,10/30/2017 4:50,174528,1,25.945,0
10/30/2017 4:49,10/30/2017 4:50,174529,1,25.945,0
10/30/2017 4:50,10/30/2017 4:50,174530,1,25.945,0
10/30/2017 4:51,10/30/2017 4:55,174531,1,25.889,0
10/30/2017 4:52,10/30/2017 4:55,174532,1,25.889,0
10/30/2017 4:53,10/30/2017 4:55,174533,1,25.889,0
10/30/2017 4:54,10/30/2017 4:55,174534,1,25.889,0
10/30/2017 4:55,10/30/2017 4:55,174535,1,25.889,0
10/30/2017 4:56,10/30/2017 5:00,174536,1,25.821,0
10/30/2017 4:57,10/30/2017 5:00,174537,1,25.821,0
10/30/2017 4:58,10/30/2017 5:00,174538,1,25.821,0
10/30/2017 4:59,10/30/2017 5:00,174539,1,25.821,0
10/30/2017 5:00,10/30/2017 5:00,174540,1,25.821,0
10/30/2017 5:01,10/30/2017 5:05,174541,1,25.756,0
10/30/2017 5:02,10/30/2017 5:05,174542,1,25.756,0
10/30/2017 5:03,10/30/2017 5:05,174543,1,25.756,0
10/30/2017 5:04,10/30/2017 5:05,174544,1,25.756,0
10/30/2017 5:05,10/30/2017 5:05,174545,1,25.756,0
10/30/2017 5:06,10/30/2017 5:10,174546,1,25.705,0
10/30/2017 5:07,10/30/2017 5:10,174547,1,25.705,0
10/30/2017 5:08,10/30/2017 5:10,174548,1,25.705,0
10/30/2017 5:09,10/30/2017 5:10,174549,1,25.705,0
10/30/2017 5:10,10/30/2017 5:10,174550,1,25.705,0
10/30/2017 5:11,10/30/2017 5:15,174551,1,25.679,0
10/30/2017 5:12,10/30/2017 5:15,174552,1,25.679,0
10/30/2017 5:13,10/30/2017 5:15,174553,1,25.679,0
10/30/2017 5:14,10/30/2017 5:15,174554,1,25.679,0
10/30/2017 5:15,10/30/2017 5:15,174555,1,25.679,0
10/30/2017 5:16,10/30/2017 5:20,174556,1,25.678,0
10/30/2017 5:17,10/30/2017 5:20,174557,1,25.678,0
10/30/2017 5:18,10/30/2017 5:20,174558,1,25.678,0
10/30/2017 5:19,10/30/2017 5:20,174559,1,25.678,0
10/30/2017 5:20,10/30/2017 5:20,174560,1,25.678,0
10/30/2017 5:21,10/30/2017 5:25,174561,1,25.696,0
10/30/2017 5:22,10/30/2017 5:25,174562,1,25.696,0
10/30/2017 5:23,10/30/2017 5:25,174563,1,25.696,0
10/30/2017 5:24,10/30/2017 5:25,174564,1,25.696,0
10/30/2017 5:25,10/30/2017 5:25,174565,1,25.696,0
10/30/2017 5:26,10/30/2017 5:30,174566,1,25.723,0
10/30/2017 5:27,10/30/2017 5:30,174567,1,25.723,0
10/30/2017 5:28,10/30/2017 5:30,174568,1,25.723,0
10/30/2017 5:29,10/30/2017 5:30,174569,1,25.723,0
10/30/2017 5:30,10/30/2017 5:30,174570,1,25.723,0
10/30/2017 5:31,10/30/2017 5:35,174571,1,25.744,0
10/30/2017 5:32,10/30/2017 5:35,174572,1,25.744,0
10/30/2017 5:33,10/30/2017 5:35,174573,1,25.744,0
10/30/2017 5:34,10/30/2017 5:35,174574,1,25.744,0
10/30/2017 5:35,10/30/2017 5:35,174575,1,25.744,0
10/30/2017 5:36,10/30/2017 5:40,174576,1,25.752,0
10/30/2017 5:37,10/30/2017 5:40,174577,1,25.752,0
10/30/2017 5:38,10/30/2017 5:40,174578,1,25.752,0
10/30/2017 5:39,10/30/2017 5:40,174579,1,25.752,0
10/30/2017 5:40,10/30/2017 5:40,174580,1,25.752,0
10/30/2017 5:41,10/30/2017 5:45,174581,1,25.743,0
10/30/2017 5:42,10/30/2017 5:45,174582,1,25.743,0
10/30/2017 5:43,10/30/2017 5:45,174583,1,25.743,0
10/30/2017 5:44,10/30/2017 5:45,174584,1,25.743,0
10/30/2017 5:45,10/30/2017 5:45,174585,1,25.743,0
10/30/2017 5:46,10/30/2017 5:50,174586,1,25.72,0
10/30/2017 5:47,10/30/2017 5:50,174587,1,25.72,0
10/30/2017 5:48,10/30/2017 5:50,174588,1,25.72,0
10/30/2017 5:49,10/30/2017 5:50,174589,1,25.72,0
10/30/2017 5:50,10/30/2017 5:50,174590,1,25.72,0
10/30/2017 5:51,10/30/2017 5:55,174591,1,25.69,0
10/30/2017 5:52,10/30/2017 5:55,174592,1,25.69,0
10/30/2017 5:53,10/30/2017 5:55,174593,1,25.69,0
10/30/2017 5:54,10/30/2017 5:55,174594,1,25.69,0
10/30/2017 5:55,10/30/2017 5:55,174595,1,25.69,0
10/30/2017 5:56,10/30/2017 6:00,174596,1,25.662,0
10/30/2017 5:57,10/30/2017 6:00,174597,1,25.662,0
10/30/2017 5:58,10/30/2017 6:00,174598,1,25.662,0
10/30/2017 5:59,10/30/2017 6:00,174599,1,25.662,0
10/30/2017 6:00,10/30/2017 6:00,174600,1,25.662,0
10/30/2017 6:01,10/30/2017 6:05,174601,1,25.643,0
10/30/2017 6:02,10/30/2017 6:05,174602,1,25.643,0
10/30/2017 6:03,10/30/2017 6:05,174603,1,25.643,0
10/30/2017 6:04,10/30/2017 6:05,174604,1,25.643,0
10/30/2017 6:05,10/30/2017 6:05,174605,1,25.643,0
10/30/2017 6:06,10/30/2017 6:10,174606,1,25.636,0
10/30/2017 6:07,10/30/2017 6:10,174607,1,25.636,0
10/30/2017 6:08,10/30/2017 6:10,174608,1,25.636,0
10/30/2017 6:09,10/30/2017 6:10,174609,1,25.636,0
10/30/2017 6:10,10/30/2017 6:10,174610,1,25.636,0
10/30/2017 6:11,10/30/2017 6:15,174611,1,25.639,0
10/30/2017 6:12,10/30/2017 6:15,174612,1,25.639,0
10/30/2017 6:13,10/30/2017 6:15,174613,1,25.639,0
10/30/2017 6:14,10/30/2017 6:15,174614,1,25.639,0
10/30/2017 6:15,10/30/2017 6:15,174615,1,25.639,0
10/30/2017 6:16,10/30/2017 6:20,174616,1,25.646,0
10/30/2017 6:17,10/30/2017 6:20,174617,1,25.646,0
10/30/2017 6:18,10/30/2017 6:20,174618,1,25.646,0
10/30/2017 6:19,10/30/2017 6:20,174619,1,25.646,0
10/30/2017 6:20,10/30/2017 6:20,174620,1,25.646,0
10/30/2017 6:21,10/30/2017 6:25,174621,1,25.649,0
10/30/2017 6:22,10/30/2017 6:25,174622,1,25.649,0
10/30/2017 6:23,10/30/2017 6:25,174623,1,25.649,0
10/30/2017 6:24,10/30/2017 6:25,174624,1,25.649,0
10/30/2017 6:25,10/30/2017 6:25,174625,1,25.649,0
10/30/2017 6:26,10/30/2017 6:30,174626,1,25.642,0
10/30/2017 6:27,10/30/2017 6:30,174627,1,25.642,0
10/30/2017 6:28,10/30/2017 6:30,174628,1,25.642,0
10/30/2017 6:29,10/30/2017 6:30,174629,1,25.642,0
10/30/2017 6:30,10/30/2017 6:30,174630,1,25.642,0
10/30/2017 6:31,10/30/2017 6:35,174631,1,25.621,0
10/30/2017 6:32,10/30/2017 6:35,174632,1,25.621,0
10/30/2017 6:33,10/30/2017 6:35,174633,1,25.621,0
10/30/2017 6:34,10/30/2017 6:35,174634,1,25.621,0
10/30/2017 6:35,10/30/2017 6:35,174635,1,25.621,0
10/30/2017 6:36,10/30/2017 6:40,174636,1,25.586,0
10/30/2017 6:37,10/30/2017 6:40,174637,1,25.586,0
10/30/2017 6:38,10/30/2017 6:40,174638,1,25.586,0
10/30/2017 6:39,10/30/2017 6:40,174639,1,25.586,0
10/30/2017 6:40,10/30/2017 6:40,174640,1,25.586,0
10/30/2017 6:41,10/30/2017 6:45,174641,1,25.544,0
10/30/2017 6:42,10/30/2017 6:45,174642,1,25.544,0
10/30/2017 6:43,10/30/2017 6:45,174643,1,25.544,0
10/30/2017 6:44,10/30/2017 6:45,174644,1,25.544,0
10/30/2017 6:45,10/30/2017 6:45,174645,1,25.544,0
10/30/2017 6:46,10/30/2017 6:50,174646,1,25.504,0
10/30/2017 6:47,10/30/2017 6:50,174647,1,25.504,0
10/30/2017 6:48,10/30/2017 6:50,174648,1,25.504,0
10/30/2017 6:49,10/30/2017 6:50,174649,1,25.504,0
10/30/2017 6:50,10/30/2017 6:50,174650,1,25.504,0
10/30/2017 6:51,10/30/2017 6:55,174651,1,25.475,0
10/30/2017 6:52,10/30/2017 6:55,174652,1,25.475,0
10/30/2017 6:53,10/30/2017 6:55,174653,1,25.475,0
10/30/2017 6:54,10/30/2017 6:55,174654,1,25.475,0
10/30/2017 6:55,10/30/2017 6:55,174655,1,25.475,0
10/30/2017 6:56,10/30/2017 7:00,174656,1,25.465,0
10/30/2017 6:57,10/30/2017 7:00,174657,1,25.465,0
10/30/2017 6:58,10/30/2017 7:00,174658,1,25.465,0
10/30/2017 6:59,10/30/2017 7:00,174659,1,25.465,0
10/30/2017 7:00,10/30/2017 7:00,174660,1,25.465,0
10/30/2017 7:01,10/30/2017 7:05,174661,1,25.477,0
10/30/2017 7:02,10/30/2017 7:05,174662,1,25.477,0
10/30/2017 7:03,10/30/2017 7:05,174663,1,25.477,0
10/30/2017 7:04,10/30/2017 7:05,174664,1,25.477,0
10/30/2017 7:05,10/30/2017 7:05,174665,1,25.477,0
10/30/2017 7:06,10/30/2017 7:10,174666,1,25.505,0
10/30/2017 7:07,10/30/2017 7:10,174667,1,25.505,0
10/30/2017 7:08,10/30/2017 7:10,174668,1,25.505,0
10/30/2017 7:09,10/30/2017 7:10,174669,1,25.505,0
10/30/2017 7:10,10/30/2017 7:10,174670,1,25.505,0
10/30/2017 7:11,10/30/2017 7:15,174671,1,25.54,0
10/30/2017 7:12,10/30/2017 7:15,174672,1,25.54,0
10/30/2017 7:13,10/30/2017 7:15,174673,1,25.54,0
10/30/2017 7:14,10/30/2017 7:15,174674,1,25.54,0
10/30/2017 7:15,10/30/2017 7:15,174675,1,25.54,0
10/30/2017 7:16,10/30/2017 7:20,174676,1,25.568,0
10/30/2017 7:17,10/30/2017 7:20,174677,1,25.568,0
10/30/2017 7:18,10/30/2017 7:20,174678,1,25.568,0
10/30/2017 7:19,10/30/2017 7:20,174679,1,25.568,0
10/30/2017 7:20,10/30/2017 7:20,174680,1,25.568,0
10/30/2017 7:21,10/30/2017 7:25,174681,1,25.578,0
10/30/2017 7:22,10/30/2017 7:25,174682,1,25.578,0
10/30/2017 7:23,10/30/2017 7:25,174683,1,25.578,0
10/30/2017 7:24,10/30/2017 7:25,174684,1,25.578,0
10/30/2017 7:25,10/30/2017 7:25,174685,1,25.578,0
10/30/2017 7:26,10/30/2017 7:30,174686,1,25.565,0
10/30/2017 7:27,10/30/2017 7:30,174687,1,25.565,0
10/30/2017 7:28,10/30/2017 7:30,174688,1,25.565,0
10/30/2017 7:29,10/30/2017 7:30,174689,1,25.565,0
10/30/2017 7:30,10/30/2017 7:30,174690,1,25.565,0
10/30/2017 7:31,10/30/2017 7:35,174691,1,25.533,0
10/30/2017 7:32,10/30/2017 7:35,174692,1,25.533,0
10/30/2017 7:33,10/30/2017 7:35,174693,1,25.533,0
10/30/2017 7:34,10/30/2017 7:35,174694,1,25.533,0
10/30/2017 7:35,10/30/2017 7:35,174695,1,25.533,0
10/30/2017 7:36,10/30/2017 7:40,174696,1,25.496,0
10/30/2017 7:37,10/30/2017 7:40,174697,1,25.496,0
10/30/2017 7:38,10/30/2017 7:40,174698,1,25.496,0
10/30/2017 7:39,10/30/2017 7:40,174699,1,25.496,0
10/30/2017 7:40,10/30/2017 7:40,174700,1,25.496,0
10/30/2017 7:41,10/30/2017 7:45,174701,1,25.472,0
10/30/2017 7:42,10/30/2017 7:45,174702,1,25.472,0
10/30/2017 7:43,10/30/2017 7:45,174703,1,25.472,0
10/30/2017 7:44,10/30/2017 7:45,174704,1,25.472,0
10/30/2017 7:45,10/30/2017 7:45,174705,1,25.472,0
10/30/2017 7:46,10/30/2017 7:50,174706,1,25.481,0
10/30/2017 7:47,10/30/2017 7:50,174707,1,25.481,0
10/30/2017 7:48,10/30/2017 7:50,174708,1,25.481,0
10/30/2017 7:49,10/30/2017 7:50,174709,1,25.481,0
10/30/2017 7:50,10/30/2017 7:50,174710,1,25.481,0
10/30/2017 7:51,10/30/2017 7:55,174711,1,25.532,0
10/30/2017 7:52,10/30/2017 7:55,174712,1,25.532,0
10/30/2017 7:53,10/30/2017 7:55,174713,1,25.532,0
10/30/2017 7:54,10/30/2017 7:55,174714,1,25.532,0
10/30/2017 7:55,10/30/2017 7:55,174715,1,25.532,0
10/30/2017 7:56,10/30/2017 8:00,174716,1,25.624,0
10/30/2017 7:57,10/30/2017 8:00,174717,1,25.624,0
10/30/2017 7:58,10/30/2017 8:00,174718,1,25.624,0
10/30/2017 7:59,10/30/2017 8:00,174719,1,25.624,0
10/30/2017 8:00,10/30/2017 8:00,174720,1,25.624,0
10/30/2017 8:01,10/30/2017 8:05,174721,1,25.742,0
10/30/2017 8:02,10/30/2017 8:05,174722,1,25.742,0
10/30/2017 8:03,10/30/2017 8:05,174723,1,25.742,0
10/30/2017 8:04,10/30/2017 8:05,174724,1,25.742,0
10/30/2017 8:05,10/30/2017 8:05,174725,1,25.742,0
10/30/2017 8:06,10/30/2017 8:10,174726,1,25.864,0
10/30/2017 8:07,10/30/2017 8:10,174727,1,25.864,0
10/30/2017 8:08,10/30/2017 8:10,174728,1,25.864,0
10/30/2017 8:09,10/30/2017 8:10,174729,1,25.864,0
10/30/2017 8:10,10/30/2017 8:10,174730,1,25.864,0
10/30/2017 8:11,10/30/2017 8:15,174731,1,25.965,0
10/30/2017 8:12,10/30/2017 8:15,174732,1,25.965,0
10/30/2017 8:13,10/30/2017 8:15,174733,1,25.965,0
10/30/2017 8:14,10/30/2017 8:15,174734,1,25.965,0
10/30/2017 8:15,10/30/2017 8:15,174735,1,25.965,0
10/30/2017 8:16,10/30/2017 8:20,174736,1,26.028,0
10/30/2017 8:17,10/30/2017 8:20,174737,1,26.028,0
10/30/2017 8:18,10/30/2017 8:20,174738,1,26.028,0
10/30/2017 8:19,10/30/2017 8:20,174739,1,26.028,0
10/30/2017 8:20,10/30/2017 8:20,174740,1,26.028,0
10/30/2017 8:21,10/30/2017 8:25,174741,1,26.052,0
10/30/2017 8:22,10/30/2017 8:25,174742,1,26.052,0
10/30/2017 8:23,10/30/2017 8:25,174743,1,26.052,0
10/30/2017 8:24,10/30/2017 8:25,174744,1,26.052,0
10/30/2017 8:25,10/30/2017 8:25,174745,1,26.052,0
10/30/2017 8:26,10/30/2017 8:30,174746,1,26.048,0
10/30/2017 8:27,10/30/2017 8:30,174747,1,26.048,0
10/30/2017 8:28,10/30/2017 8:30,174748,1,26.048,0
10/30/2017 8:29,10/30/2017 8:30,174749,1,26.048,0
10/30/2017 8:30,10/30/2017 8:30,174750,1,26.048,0
10/30/2017 8:31,10/30/2017 8:35,174751,1,26.038,0
10/30/2017 8:32,10/30/2017 8:35,174752,1,26.038,0
10/30/2017 8:33,10/30/2017 8:35,174753,1,26.038,0
10/30/2017 8:34,10/30/2017 8:35,174754,1,26.038,0
10/30/2017 8:35,10/30/2017 8:35,174755,1,26.038,0
10/30/2017 8:36,10/30/2017 8:40,174756,1,26.049,0
10/30/2017 8:37,10/30/2017 8:40,174757,1,26.049,0
10/30/2017 8:38,10/30/2017 8:40,174758,1,26.049,0
10/30/2017 8:39,10/30/2017 8:40,174759,1,26.049,0
10/30/2017 8:40,10/30/2017 8:40,174760,1,26.049,0
10/30/2017 8:41,10/30/2017 8:45,174761,1,26.098,0
10/30/2017 8:42,10/30/2017 8:45,174762,1,26.098,0
10/30/2017 8:43,10/30/2017 8:45,174763,1,26.098,0
10/30/2017 8:44,10/30/2017 8:45,174764,1,26.098,0
10/30/2017 8:45,10/30/2017 8:45,174765,1,26.098,0
10/30/2017 8:46,10/30/2017 8:50,174766,1,26.194,0
10/30/2017 8:47,10/30/2017 8:50,174767,1,26.194,0
10/30/2017 8:48,10/30/2017 8:50,174768,1,26.194,0
10/30/2017 8:49,10/30/2017 8:50,174769,1,26.194,0
10/30/2017 8:50,10/30/2017 8:50,174770,1,26.194,0
10/30/2017 8:51,10/30/2017 8:55,174771,1,26.331,0
10/30/2017 8:52,10/30/2017 8:55,174772,1,26.331,0
10/30/2017 8:53,10/30/2017 8:55,174773,1,26.331,0
10/30/2017 8:54,10/30/2017 8:55,174774,1,26.331,0
10/30/2017 8:55,10/30/2017 8:55,174775,1,26.331,0
10/30/2017 8:56,10/30/2017 9:00,174776,1,26.496,0
10/30/2017 8:57,10/30/2017 9:00,174777,1,26.496,0
10/30/2017 8:58,10/30/2017 9:00,174778,1,26.496,0
10/30/2017 8:59,10/30/2017 9:00,174779,1,26.496,0
10/30/2017 9:00,10/30/2017 9:00,174780,1,26.496,0
10/30/2017 9:01,10/30/2017 9:05,174781,1,26.667,0
10/30/2017 9:02,10/30/2017 9:05,174782,1,26.667,0
10/30/2017 9:03,10/30/2017 9:05,174783,1,26.667,0
10/30/2017 9:04,10/30/2017 9:05,174784,1,26.667,0
10/30/2017 9:05,10/30/2017 9:05,174785,1,26.667,0
10/30/2017 9:06,10/30/2017 9:10,174786,1,26.826,0
10/30/2017 9:07,10/30/2017 9:10,174787,1,26.826,0
10/30/2017 9:08,10/30/2017 9:10,174788,1,26.826,0
10/30/2017 9:09,10/30/2017 9:10,174789,1,26.826,0
10/30/2017 9:10,10/30/2017 9:10,174790,1,26.826,0
10/30/2017 9:11,10/30/2017 9:15,174791,1,26.955,0
10/30/2017 9:12,10/30/2017 9:15,174792,1,26.955,0
10/30/2017 9:13,10/30/2017 9:15,174793,1,26.955,0
10/30/2017 9:14,10/30/2017 9:15,174794,1,26.955,0
10/30/2017 9:15,10/30/2017 9:15,174795,1,26.955,0
10/30/2017 9:16,10/30/2017 9:20,174796,1,27.046,0
10/30/2017 9:17,10/30/2017 9:20,174797,1,27.046,0
10/30/2017 9:18,10/30/2017 9:20,174798,1,27.046,0
10/30/2017 9:19,10/30/2017 9:20,174799,1,27.046,0
10/30/2017 9:20,10/30/2017 9:20,174800,1,27.046,0
10/30/2017 9:21,10/30/2017 9:25,174801,1,27.097,0
10/30/2017 9:22,10/30/2017 9:25,174802,1,27.097,0
10/30/2017 9:23,10/30/2017 9:25,174803,1,27.097,0
10/30/2017 9:24,10/30/2017 9:25,174804,1,27.097,0
10/30/2017 9:25,10/30/2017 9:25,174805,1,27.097,0
10/30/2017 9:26,10/30/2017 9:30,174806,1,27.116,0
10/30/2017 9:27,10/30/2017 9:30,174807,1,27.116,0
10/30/2017 9:28,10/30/2017 9:30,174808,1,27.116,0
10/30/2017 9:29,10/30/2017 9:30,174809,1,27.116,0
10/30/2017 9:30,10/30/2017 9:30,174810,1,27.116,0
10/30/2017 9:31,10/30/2017 9:35,174811,1,27.124,0
10/30/2017 9:32,10/30/2017 9:35,174812,1,27.124,0
10/30/2017 9:33,10/30/2017 9:35,174813,1,27.124,0
10/30/2017 9:34,10/30/2017 9:35,174814,1,27.124,0
10/30/2017 9:35,10/30/2017 9:35,174815,1,27.124,0
10/30/2017 9:36,10/30/2017 9:40,174816,1,27.145,0
10/30/2017 9:37,10/30/2017 9:40,174817,1,27.145,0
10/30/2017 9:38,10/30/2017 9:40,174818,1,27.145,0
10/30/2017 9:39,10/30/2017 9:40,174819,1,27.145,0
10/30/2017 9:40,10/30/2017 9:40,174820,1,27.145,0
10/30/2017 9:41,10/30/2017 9:45,174821,1,27.209,0
10/30/2017 9:42,10/30/2017 9:45,174822,1,27.209,0
10/30/2017 9:43,10/30/2017 9:45,174823,1,27.209,0
10/30/2017 9:44,10/30/2017 9:45,174824,1,27.209,0
10/30/2017 9:45,10/30/2017 9:45,174825,1,27.209,0
10/30/2017 9:46,10/30/2017 9:50,174826,1,27.338,0
10/30/2017 9:47,10/30/2017 9:50,174827,1,27.338,0
10/30/2017 9:48,10/30/2017 9:50,174828,1,27.338,0
10/30/2017 9:49,10/30/2017 9:50,174829,1,27.338,0
10/30/2017 9:50,10/30/2017 9:50,174830,1,27.338,0
10/30/2017 9:51,10/30/2017 9:55,174831,1,27.54,0
10/30/2017 9:52,10/30/2017 9:55,174832,1,27.54,0
10/30/2017 9:53,10/30/2017 9:55,174833,1,27.54,0
10/30/2017 9:54,10/30/2017 9:55,174834,1,27.54,0
10/30/2017 9:55,10/30/2017 9:55,174835,1,27.54,0
10/30/2017 9:56,10/30/2017 10:00,174836,1,27.805,0
10/30/2017 9:57,10/30/2017 10:00,174837,1,27.805,0
10/30/2017 9:58,10/30/2017 10:00,174838,1,27.805,0
10/30/2017 9:59,10/30/2017 10:00,174839,1,27.805,0
10/30/2017 10:00,10/30/2017 10:00,174840,1,27.805,0
10/30/2017 10:01,10/30/2017 10:05,174841,1,28.103,0
10/30/2017 10:02,10/30/2017 10:05,174842,1,28.103,0
10/30/2017 10:03,10/30/2017 10:05,174843,1,28.103,0
10/30/2017 10:04,10/30/2017 10:05,174844,1,28.103,0
10/30/2017 10:05,10/30/2017 10:05,174845,1,28.103,0
10/30/2017 10:06,10/30/2017 10:10,174846,1,28.391,0
10/30/2017 10:07,10/30/2017 10:10,174847,1,28.391,0
10/30/2017 10:08,10/30/2017 10:10,174848,1,28.391,0
10/30/2017 10:09,10/30/2017 10:10,174849,1,28.391,0
10/30/2017 10:10,10/30/2017 10:10,174850,1,28.391,0
10/30/2017 10:11,10/30/2017 10:15,174851,1,28.633,0
10/30/2017 10:12,10/30/2017 10:15,174852,1,28.633,0
10/30/2017 10:13,10/30/2017 10:15,174853,1,28.633,0
10/30/2017 10:14,10/30/2017 10:15,174854,1,28.633,0
10/30/2017 10:15,10/30/2017 10:15,174855,1,28.633,0
10/30/2017 10:16,10/30/2017 10:20,174856,1,28.801,0
10/30/2017 10:17,10/30/2017 10:20,174857,1,28.801,0
10/30/2017 10:18,10/30/2017 10:20,174858,1,28.801,0
10/30/2017 10:19,10/30/2017 10:20,174859,1,28.801,0
10/30/2017 10:20,10/30/2017 10:20,174860,1,28.801,0
10/30/2017 10:21,10/30/2017 10:25,174861,1,28.896,0
10/30/2017 10:22,10/30/2017 10:25,174862,1,28.896,0
10/30/2017 10:23,10/30/2017 10:25,174863,1,28.896,0
10/30/2017 10:24,10/30/2017 10:25,174864,1,28.896,0
10/30/2017 10:25,10/30/2017 10:25,174865,1,28.896,0
10/30/2017 10:26,10/30/2017 10:30,174866,1,28.935,0
10/30/2017 10:27,10/30/2017 10:30,174867,1,28.935,0
10/30/2017 10:28,10/30/2017 10:30,174868,1,28.935,0
10/30/2017 10:29,10/30/2017 10:30,174869,1,28.935,0
10/30/2017 10:30,10/30/2017 10:30,174870,1,28.935,0
10/30/2017 10:31,10/30/2017 10:35,174871,1,28.954,0
10/30/2017 10:32,10/30/2017 10:35,174872,1,28.954,0
10/30/2017 10:33,10/30/2017 10:35,174873,1,28.954,0
10/30/2017 10:34,10/30/2017 10:35,174874,1,28.954,0
10/30/2017 10:35,10/30/2017 10:35,174875,1,28.954,0
10/30/2017 10:36,10/30/2017 10:40,174876,1,28.99,0
10/30/2017 10:37,10/30/2017 10:40,174877,1,28.99,0
10/30/2017 10:38,10/30/2017 10:40,174878,1,28.99,0
10/30/2017 10:39,10/30/2017 10:40,174879,1,28.99,0
10/30/2017 10:40,10/30/2017 10:40,174880,1,28.99,0
10/30/2017 10:41,10/30/2017 10:45,174881,1,29.071,0
10/30/2017 10:42,10/30/2017 10:45,174882,1,29.071,0
10/30/2017 10:43,10/30/2017 10:45,174883,1,29.071,0
10/30/2017 10:44,10/30/2017 10:45,174884,1,29.071,0
10/30/2017 10:45,10/30/2017 10:45,174885,1,29.071,0
10/30/2017 10:46,10/30/2017 10:50,174886,1,29.209,0
10/30/2017 10:47,10/30/2017 10:50,174887,1,29.209,0
10/30/2017 10:48,10/30/2017 10:50,174888,1,29.209,0
10/30/2017 10:49,10/30/2017 10:50,174889,1,29.209,0
10/30/2017 10:50,10/30/2017 10:50,174890,1,29.209,0
10/30/2017 10:51,10/30/2017 10:55,174891,1,29.399,0
10/30/2017 10:52,10/30/2017 10:55,174892,1,29.399,0
10/30/2017 10:53,10/30/2017 10:55,174893,1,29.399,0
10/30/2017 10:54,10/30/2017 10:55,174894,1,29.399,0
10/30/2017 10:55,10/30/2017 10:55,174895,1,29.399,0
10/30/2017 10:56,10/30/2017 11:00,174896,1,29.621,0
10/30/2017 10:57,10/30/2017 11:00,174897,1,29.621,0
10/30/2017 10:58,10/30/2017 11:00,174898,1,29.621,0
10/30/2017 10:59,10/30/2017 11:00,174899,1,29.621,0
10/30/2017 11:00,10/30/2017 11:00,174900,1,29.621,0
10/30/2017 11:01,10/30/2017 11:05,174901,1,29.848,0
10/30/2017 11:02,10/30/2017 11:05,174902,1,29.848,0
10/30/2017 11:03,10/30/2017 11:05,174903,1,29.848,0
10/30/2017 11:04,10/30/2017 11:05,174904,1,29.848,0
10/30/2017 11:05,10/30/2017 11:05,174905,1,29.848,0
10/30/2017 11:06,10/30/2017 11:10,174906,1,30.055,0
10/30/2017 11:07,10/30/2017 11:10,174907,1,30.055,0
10/30/2017 11:08,10/30/2017 11:10,174908,1,30.055,0
10/30/2017 11:09,10/30/2017 11:10,174909,1,30.055,0
10/30/2017 11:10,10/30/2017 11:10,174910,1,30.055,0
10/30/2017 11:11,10/30/2017 11:15,174911,1,30.223,0
10/30/2017 11:12,10/30/2017 11:15,174912,1,30.223,0
10/30/2017 11:13,10/30/2017 11:15,174913,1,30.223,0
10/30/2017 11:14,10/30/2017 11:15,174914,1,30.223,0
10/30/2017 11:15,10/30/2017 11:15,174915,1,30.223,0
10/30/2017 11:16,10/30/2017 11:20,174916,1,30.343,0
10/30/2017 11:17,10/30/2017 11:20,174917,1,30.343,0
10/30/2017 11:18,10/30/2017 11:20,174918,1,30.343,0
10/30/2017 11:19,10/30/2017 11:20,174919,1,30.343,0
10/30/2017 11:20,10/30/2017 11:20,174920,1,30.343,0
10/30/2017 11:21,10/30/2017 11:25,174921,1,30.42,0
10/30/2017 11:22,10/30/2017 11:25,174922,1,30.42,0
10/30/2017 11:23,10/30/2017 11:25,174923,1,30.42,0
10/30/2017 11:24,10/30/2017 11:25,174924,1,30.42,0
10/30/2017 11:25,10/30/2017 11:25,174925,1,30.42,0
10/30/2017 11:26,10/30/2017 11:30,174926,1,30.47,0
10/30/2017 11:27,10/30/2017 11:30,174927,1,30.47,0
10/30/2017 11:28,10/30/2017 11:30,174928,1,30.47,0
10/30/2017 11:29,10/30/2017 11:30,174929,1,30.47,0
10/30/2017 11:30,10/30/2017 11:30,174930,1,30.47,0
10/30/2017 11:31,10/30/2017 11:35,174931,1,30.516,0
10/30/2017 11:32,10/30/2017 11:35,174932,1,30.516,0
10/30/2017 11:33,10/30/2017 11:35,174933,1,30.516,0
10/30/2017 11:34,10/30/2017 11:35,174934,1,30.516,0
10/30/2017 11:35,10/30/2017 11:35,174935,1,30.516,0
10/30/2017 11:36,10/30/2017 11:40,174936,1,30.584,0
10/30/2017 11:37,10/30/2017 11:40,174937,1,30.584,0
10/30/2017 11:38,10/30/2017 11:40,174938,1,30.584,0
10/30/2017 11:39,10/30/2017 11:40,174939,1,30.584,0
10/30/2017 11:40,10/30/2017 11:40,174940,1,30.584,0
10/30/2017 11:41,10/30/2017 11:45,174941,1,30.689,3.38E-05
10/30/2017 11:42,10/30/2017 11:45,174942,1,30.689,3.38E-05
10/30/2017 11:43,10/30/2017 11:45,174943,1,30.689,3.38E-05
10/30/2017 11:44,10/30/2017 11:45,174944,1,30.689,3.38E-05
10/30/2017 11:45,10/30/2017 11:45,174945,1,30.689,3.38E-05
10/30/2017 11:46,10/30/2017 11:50,174946,1,30.836,6.75E-05
10/30/2017 11:47,10/30/2017 11:50,174947,1,30.836,6.75E-05
10/30/2017 11:48,10/30/2017 11:50,174948,1,30.836,6.75E-05
10/30/2017 11:49,10/30/2017 11:50,174949,1,30.836,6.75E-05
10/30/2017 11:50,10/30/2017 11:50,174950,1,30.836,6.75E-05
10/30/2017 11:51,10/30/2017 11:55,174951,1,31.01,0.002235607
10/30/2017 11:52,10/30/2017 11:55,174952,1,31.01,0.002235607
10/30/2017 11:53,10/30/2017 11:55,174953,1,31.01,0.002235607
10/30/2017 11:54,10/30/2017 11:55,174954,1,31.01,0.002235607
10/30/2017 11:55,10/30/2017 11:55,174955,1,31.01,0.002235607
10/30/2017 11:56,10/30/2017 12:00,174956,1,31.187,0.083022828
10/30/2017 11:57,10/30/2017 12:00,174957,1,31.187,0.083022828
10/30/2017 11:58,10/30/2017 12:00,174958,1,31.187,0.083022828
10/30/2017 11:59,10/30/2017 12:00,174959,1,31.187,0.083022828
10/30/2017 12:00,10/30/2017 12:00,174960,1,31.187,0.083022828
10/30/2017 12:01,10/30/2017 12:05,174961,1,31.338,0.2025985
10/30/2017 12:02,10/30/2017 12:05,174962,1,31.338,0.2025985
10/30/2017 12:03,10/30/2017 12:05,174963,1,31.338,0.2025985
10/30/2017 12:04,10/30/2017 12:05,174964,1,31.338,0.2025985
10/30/2017 12:05,10/30/2017 12:05,174965,1,31.338,0.2025985
10/30/2017 12:06,10/30/2017 12:10,174966,1,31.44,0.327488264
10/30/2017 12:07,10/30/2017 12:10,174967,1,31.44,0.327488264
10/30/2017 12:08,10/30/2017 12:10,174968,1,31.44,0.327488264
10/30/2017 12:09,10/30/2017 12:10,174969,1,31.44,0.327488264
10/30/2017 12:10,10/30/2017 12:10,174970,1,31.44,0.327488264
10/30/2017 12:11,10/30/2017 12:15,174971,1,31.489,0.519206042
10/30/2017 12:12,10/30/2017 12:15,174972,1,31.489,0.519206042
10/30/2017 12:13,10/30/2017 12:15,174973,1,31.489,0.519206042
10/30/2017 12:14,10/30/2017 12:15,174974,1,31.489,0.519206042
10/30/2017 12:15,10/30/2017 12:15,174975,1,31.489,0.519206042
10/30/2017 12:16,10/30/2017 12:20,174976,1,31.499,0.737204481
10/30/2017 12:17,10/30/2017 12:20,174977,1,31.499,0.737204481
10/30/2017 12:18,10/30/2017 12:20,174978,1,31.499,0.737204481
10/30/2017 12:19,10/30/2017 12:20,174979,1,31.499,0.737204481
10/30/2017 12:20,10/30/2017 12:20,174980,1,31.499,0.737204481
10/30/2017 12:21,10/30/2017 12:25,174981,1,31.499,1.034855389
10/30/2017 12:22,10/30/2017 12:25,174982,1,31.499,1.034855389
10/30/2017 12:23,10/30/2017 12:25,174983,1,31.499,1.034855389
10/30/2017 12:24,10/30/2017 12:25,174984,1,31.499,1.034855389
10/30/2017 12:25,10/30/2017 12:25,174985,1,31.499,1.034855389
10/30/2017 12:26,10/30/2017 12:30,174986,1,31.52,1.247965299
10/30/2017 12:27,10/30/2017 12:30,174987,1,31.52,1.247965299
10/30/2017 12:28,10/30/2017 12:30,174988,1,31.52,1.247965299
10/30/2017 12:29,10/30/2017 12:30,174989,1,31.52,1.247965299
10/30/2017 12:30,10/30/2017 12:30,174990,1,31.52,1.247965299
10/30/2017 12:31,10/30/2017 12:35,174991,1,31.585,1.479380439
10/30/2017 12:32,10/30/2017 12:35,174992,1,31.585,1.479380439
10/30/2017 12:33,10/30/2017 12:35,174993,1,31.585,1.479380439
10/30/2017 12:34,10/30/2017 12:35,174994,1,31.585,1.479380439
10/30/2017 12:35,10/30/2017 12:35,174995,1,31.585,1.479380439
10/30/2017 12:36,10/30/2017 12:40,174996,1,31.696,1.462841462
10/30/2017 12:37,10/30/2017 12:40,174997,1,31.696,1.462841462
10/30/2017 12:38,10/30/2017 12:40,174998,1,31.696,1.462841462
10/30/2017 12:39,10/30/2017 12:40,174999,1,31.696,1.462841462
10/30/2017 12:40,10/30/2017 12:40,175000,1,31.696,1.462841462
10/30/2017 12:41,10/30/2017 12:45,175001,1,31.838,1.689994799
10/30/2017 12:42,10/30/2017 12:45,175002,1,31.838,1.689994799
10/30/2017 12:43,10/30/2017 12:45,175003,1,31.838,1.689994799
10/30/2017 12:44,10/30/2017 12:45,175004,1,31.838,1.689994799
10/30/2017 12:45,10/30/2017 12:45,175005,1,31.838,1.689994799
10/30/2017 12:46,10/30/2017 12:50,175006,1,31.983,1.921764139
10/30/2017 12:47,10/30/2017 12:50,175007,1,31.983,1.921764139
10/30/2017 12:48,10/30/2017 12:50,175008,1,31.983,1.921764139
10/30/2017 12:49,10/30/2017 12:50,175009,1,31.983,1.921764139
10/30/2017 12:50,10/30/2017 12:50,175010,1,31.983,1.921764139
10/30/2017 12:51,10/30/2017 12:55,175011,1,32.103,2.204013502
10/30/2017 12:52,10/30/2017 12:55,175012,1,32.103,2.204013502
10/30/2017 12:53,10/30/2017 12:55,175013,1,32.103,2.204013502
10/30/2017 12:54,10/30/2017 12:55,175014,1,32.103,2.204013502
10/30/2017 12:55,10/30/2017 12:55,175015,1,32.103,2.204013502
10/30/2017 12:56,10/30/2017 13:00,175016,1,32.185,2.507338986
10/30/2017 12:57,10/30/2017 13:00,175017,1,32.185,2.507338986
10/30/2017 12:58,10/30/2017 13:00,175018,1,32.185,2.507338986
10/30/2017 12:59,10/30/2017 13:00,175019,1,32.185,2.507338986
10/30/2017 13:00,10/30/2017 13:00,175020,1,32.185,2.507338986
10/30/2017 13:01,10/30/2017 13:05,175021,1,32.229,2.752061105
10/30/2017 13:02,10/30/2017 13:05,175022,1,32.229,2.752061105
10/30/2017 13:03,10/30/2017 13:05,175023,1,32.229,2.752061105
10/30/2017 13:04,10/30/2017 13:05,175024,1,32.229,2.752061105
10/30/2017 13:05,10/30/2017 13:05,175025,1,32.229,2.752061105
10/30/2017 13:06,10/30/2017 13:10,175026,1,32.254,3.405659764
10/30/2017 13:07,10/30/2017 13:10,175027,1,32.254,3.405659764
10/30/2017 13:08,10/30/2017 13:10,175028,1,32.254,3.405659764
10/30/2017 13:09,10/30/2017 13:10,175029,1,32.254,3.405659764
10/30/2017 13:10,10/30/2017 13:10,175030,1,32.254,3.405659764
10/30/2017 13:11,10/30/2017 13:15,175031,1,32.285,3.913479427
10/30/2017 13:12,10/30/2017 13:15,175032,1,32.285,3.913479427
10/30/2017 13:13,10/30/2017 13:15,175033,1,32.285,3.913479427
10/30/2017 13:14,10/30/2017 13:15,175034,1,32.285,3.913479427
10/30/2017 13:15,10/30/2017 13:15,175035,1,32.285,3.913479427
10/30/2017 13:16,10/30/2017 13:20,175036,1,32.342,3.89306388
10/30/2017 13:17,10/30/2017 13:20,175037,1,32.342,3.89306388
10/30/2017 13:18,10/30/2017 13:20,175038,1,32.342,3.89306388
10/30/2017 13:19,10/30/2017 13:20,175039,1,32.342,3.89306388
10/30/2017 13:20,10/30/2017 13:20,175040,1,32.342,3.89306388
10/30/2017 13:21,10/30/2017 13:25,175041,1,32.433,3.775497658
10/30/2017 13:22,10/30/2017 13:25,175042,1,32.433,3.775497658
10/30/2017 13:23,10/30/2017 13:25,175043,1,32.433,3.775497658
10/30/2017 13:24,10/30/2017 13:25,175044,1,32.433,3.775497658
10/30/2017 13:25,10/30/2017 13:25,175045,1,32.433,3.775497658
10/30/2017 13:26,10/30/2017 13:30,175046,1,32.552,4.070622429
10/30/2017 13:27,10/30/2017 13:30,175047,1,32.552,4.070622429
10/30/2017 13:28,10/30/2017 13:30,175048,1,32.552,4.070622429
10/30/2017 13:29,10/30/2017 13:30,175049,1,32.552,4.070622429
10/30/2017 13:30,10/30/2017 13:30,175050,1,32.552,4.070622429
10/30/2017 13:31,10/30/2017 13:35,175051,1,32.686,4.335457644
10/30/2017 13:32,10/30/2017 13:35,175052,1,32.686,4.335457644
10/30/2017 13:33,10/30/2017 13:35,175053,1,32.686,4.335457644
10/30/2017 13:34,10/30/2017 13:35,175054,1,32.686,4.335457644
10/30/2017 13:35,10/30/2017 13:35,175055,1,32.686,4.335457644
10/30/2017 13:36,10/30/2017 13:40,175056,1,32.818,4.833357516
10/30/2017 13:37,10/30/2017 13:40,175057,1,32.818,4.833357516
10/30/2017 13:38,10/30/2017 13:40,175058,1,32.818,4.833357516
10/30/2017 13:39,10/30/2017 13:40,175059,1,32.818,4.833357516
10/30/2017 13:40,10/30/2017 13:40,175060,1,32.818,4.833357516
10/30/2017 13:41,10/30/2017 13:45,175061,1,32.938,5.847372404
10/30/2017 13:42,10/30/2017 13:45,175062,1,32.938,5.847372404
10/30/2017 13:43,10/30/2017 13:45,175063,1,32.938,5.847372404
10/30/2017 13:44,10/30/2017 13:45,175064,1,32.938,5.847372404
10/30/2017 13:45,10/30/2017 13:45,175065,1,32.938,5.847372404
10/30/2017 13:46,10/30/2017 13:50,175066,1,33.045,6.185202577
10/30/2017 13:47,10/30/2017 13:50,175067,1,33.045,6.185202577
10/30/2017 13:48,10/30/2017 13:50,175068,1,33.045,6.185202577
10/30/2017 13:49,10/30/2017 13:50,175069,1,33.045,6.185202577
10/30/2017 13:50,10/30/2017 13:50,175070,1,33.045,6.185202577
10/30/2017 13:51,10/30/2017 13:55,175071,1,33.141,5.798116315
10/30/2017 13:52,10/30/2017 13:55,175072,1,33.141,5.798116315
10/30/2017 13:53,10/30/2017 13:55,175073,1,33.141,5.798116315
10/30/2017 13:54,10/30/2017 13:55,175074,1,33.141,5.798116315
10/30/2017 13:55,10/30/2017 13:55,175075,1,33.141,5.798116315
10/30/2017 13:56,10/30/2017 14:00,175076,1,33.227,7.234981188
10/30/2017 13:57,10/30/2017 14:00,175077,1,33.227,7.234981188
10/30/2017 13:58,10/30/2017 14:00,175078,1,33.227,7.234981188
10/30/2017 13:59,10/30/2017 14:00,175079,1,33.227,7.234981188
10/30/2017 14:00,10/30/2017 14:00,175080,1,33.227,7.234981188
10/30/2017 14:01,10/30/2017 14:05,175081,1,33.3,7.697062178
10/30/2017 14:02,10/30/2017 14:05,175082,1,33.3,7.697062178
10/30/2017 14:03,10/30/2017 14:05,175083,1,33.3,7.697062178
10/30/2017 14:04,10/30/2017 14:05,175084,1,33.3,7.697062178
10/30/2017 14:05,10/30/2017 14:05,175085,1,33.3,7.697062178
10/30/2017 14:06,10/30/2017 14:10,175086,1,33.352,8.062450532
10/30/2017 14:07,10/30/2017 14:10,175087,1,33.352,8.062450532
10/30/2017 14:08,10/30/2017 14:10,175088,1,33.352,8.062450532
10/30/2017 14:09,10/30/2017 14:10,175089,1,33.352,8.062450532
10/30/2017 14:10,10/30/2017 14:10,175090,1,33.352,8.062450532
10/30/2017 14:11,10/30/2017 14:15,175091,1,33.371,8.019807523
10/30/2017 14:12,10/30/2017 14:15,175092,1,33.371,8.019807523
10/30/2017 14:13,10/30/2017 14:15,175093,1,33.371,8.019807523
10/30/2017 14:14,10/30/2017 14:15,175094,1,33.371,8.019807523
10/30/2017 14:15,10/30/2017 14:15,175095,1,33.371,8.019807523
10/30/2017 14:16,10/30/2017 14:20,175096,1,33.351,8.052508562
10/30/2017 14:17,10/30/2017 14:20,175097,1,33.351,8.052508562
10/30/2017 14:18,10/30/2017 14:20,175098,1,33.351,8.052508562
10/30/2017 14:19,10/30/2017 14:20,175099,1,33.351,8.052508562
10/30/2017 14:20,10/30/2017 14:20,175100,1,33.351,8.052508562
10/30/2017 14:21,10/30/2017 14:25,175101,1,33.299,8.280618034
10/30/2017 14:22,10/30/2017 14:25,175102,1,33.299,8.280618034
10/30/2017 14:23,10/30/2017 14:25,175103,1,33.299,8.280618034
10/30/2017 14:24,10/30/2017 14:25,175104,1,33.299,8.280618034
10/30/2017 14:25,10/30/2017 14:25,175105,1,33.299,8.280618034
10/30/2017 14:26,10/30/2017 14:30,175106,1,33.235,8.510733633
10/30/2017 14:27,10/30/2017 14:30,175107,1,33.235,8.510733633
10/30/2017 14:28,10/30/2017 14:30,175108,1,33.235,8.510733633
10/30/2017 14:29,10/30/2017 14:30,175109,1,33.235,8.510733633
10/30/2017 14:30,10/30/2017 14:30,175110,1,33.235,8.510733633
10/30/2017 14:31,10/30/2017 14:35,175111,1,33.189,8.7616122
10/30/2017 14:32,10/30/2017 14:35,175112,1,33.189,8.7616122
10/30/2017 14:33,10/30/2017 14:35,175113,1,33.189,8.7616122
10/30/2017 14:34,10/30/2017 14:35,175114,1,33.189,8.7616122
10/30/2017 14:35,10/30/2017 14:35,175115,1,33.189,8.7616122
10/30/2017 14:36,10/30/2017 14:40,175116,1,33.187,8.973142593
10/30/2017 14:37,10/30/2017 14:40,175117,1,33.187,8.973142593
10/30/2017 14:38,10/30/2017 14:40,175118,1,33.187,8.973142593
10/30/2017 14:39,10/30/2017 14:40,175119,1,33.187,8.973142593
10/30/2017 14:40,10/30/2017 14:40,175120,1,33.187,8.973142593
10/30/2017 14:41,10/30/2017 14:45,175121,1,33.244,9.180111537
10/30/2017 14:42,10/30/2017 14:45,175122,1,33.244,9.180111537
10/30/2017 14:43,10/30/2017 14:45,175123,1,33.244,9.180111537
10/30/2017 14:44,10/30/2017 14:45,175124,1,33.244,9.180111537
10/30/2017 14:45,10/30/2017 14:45,175125,1,33.244,9.180111537
10/30/2017 14:46,10/30/2017 14:50,175126,1,33.359,9.450024516
10/30/2017 14:47,10/30/2017 14:50,175127,1,33.359,9.450024516
10/30/2017 14:48,10/30/2017 14:50,175128,1,33.359,9.450024516
10/30/2017 14:49,10/30/2017 14:50,175129,1,33.359,9.450024516
10/30/2017 14:50,10/30/2017 14:50,175130,1,33.359,9.450024516
10/30/2017 14:51,10/30/2017 14:55,175131,1,33.508,11.52034572
10/30/2017 14:52,10/30/2017 14:55,175132,1,33.508,11.52034572
10/30/2017 14:53,10/30/2017 14:55,175133,1,33.508,11.52034572
10/30/2017 14:54,10/30/2017 14:55,175134,1,33.508,11.52034572
10/30/2017 14:55,10/30/2017 14:55,175135,1,33.508,11.52034572
10/30/2017 14:56,10/30/2017 15:00,175136,1,33.66,14.11474531
10/30/2017 14:57,10/30/2017 15:00,175137,1,33.66,14.11474531
10/30/2017 14:58,10/30/2017 15:00,175138,1,33.66,14.11474531
10/30/2017 14:59,10/30/2017 15:00,175139,1,33.66,14.11474531
10/30/2017 15:00,10/30/2017 15:00,175140,1,33.66,14.11474531
10/30/2017 15:01,10/30/2017 15:05,175141,1,33.781,14.62738973
10/30/2017 15:02,10/30/2017 15:05,175142,1,33.781,14.62738973
10/30/2017 15:03,10/30/2017 15:05,175143,1,33.781,14.62738973
10/30/2017 15:04,10/30/2017 15:05,175144,1,33.781,14.62738973
10/30/2017 15:05,10/30/2017 15:05,175145,1,33.781,14.62738973
10/30/2017 15:06,10/30/2017 15:10,175146,1,33.85,16.09735153
10/30/2017 15:07,10/30/2017 15:10,175147,1,33.85,16.09735153
10/30/2017 15:08,10/30/2017 15:10,175148,1,33.85,16.09735153
10/30/2017 15:09,10/30/2017 15:10,175149,1,33.85,16.09735153
10/30/2017 15:10,10/30/2017 15:10,175150,1,33.85,16.09735153
10/30/2017 15:11,10/30/2017 15:15,175151,1,33.862,16.99237314
10/30/2017 15:12,10/30/2017 15:15,175152,1,33.862,16.99237314
10/30/2017 15:13,10/30/2017 15:15,175153,1,33.862,16.99237314
10/30/2017 15:14,10/30/2017 15:15,175154,1,33.862,16.99237314
10/30/2017 15:15,10/30/2017 15:15,175155,1,33.862,16.99237314
10/30/2017 15:16,10/30/2017 15:20,175156,1,33.834,17.01072127
10/30/2017 15:17,10/30/2017 15:20,175157,1,33.834,17.01072127
10/30/2017 15:18,10/30/2017 15:20,175158,1,33.834,17.01072127
10/30/2017 15:19,10/30/2017 15:20,175159,1,33.834,17.01072127
10/30/2017 15:20,10/30/2017 15:20,175160,1,33.834,17.01072127
10/30/2017 15:21,10/30/2017 15:25,175161,1,33.789,14.92389621
10/30/2017 15:22,10/30/2017 15:25,175162,1,33.789,14.92389621
10/30/2017 15:23,10/30/2017 15:25,175163,1,33.789,14.92389621
10/30/2017 15:24,10/30/2017 15:25,175164,1,33.789,14.92389621
10/30/2017 15:25,10/30/2017 15:25,175165,1,33.789,14.92389621
10/30/2017 15:26,10/30/2017 15:30,175166,1,33.756,18.10191085
10/30/2017 15:27,10/30/2017 15:30,175167,1,33.756,18.10191085
10/30/2017 15:28,10/30/2017 15:30,175168,1,33.756,18.10191085
10/30/2017 15:29,10/30/2017 15:30,175169,1,33.756,18.10191085
10/30/2017 15:30,10/30/2017 15:30,175170,1,33.756,18.10191085
10/30/2017 15:31,10/30/2017 15:35,175171,1,33.753,20.86504088
10/30/2017 15:32,10/30/2017 15:35,175172,1,33.753,20.86504088
10/30/2017 15:33,10/30/2017 15:35,175173,1,33.753,20.86504088
10/30/2017 15:34,10/30/2017 15:35,175174,1,33.753,20.86504088
10/30/2017 15:35,10/30/2017 15:35,175175,1,33.753,20.86504088
10/30/2017 15:36,10/30/2017 15:40,175176,1,33.788,21.15720809
10/30/2017 15:37,10/30/2017 15:40,175177,1,33.788,21.15720809
10/30/2017 15:38,10/30/2017 15:40,175178,1,33.788,21.15720809
10/30/2017 15:39,10/30/2017 15:40,175179,1,33.788,21.15720809
10/30/2017 15:40,10/30/2017 15:40,175180,1,33.788,21.15720809
10/30/2017 15:41,10/30/2017 15:45,175181,1,33.856,22.42730596
10/30/2017 15:42,10/30/2017 15:45,175182,1,33.856,22.42730596
10/30/2017 15:43,10/30/2017 15:45,175183,1,33.856,22.42730596
10/30/2017 15:44,10/30/2017 15:45,175184,1,33.856,22.42730596
10/30/2017 15:45,10/30/2017 15:45,175185,1,33.856,22.42730596
10/30/2017 15:46,10/30/2017 15:50,175186,1,33.942,23.82274499
10/30/2017 15:47,10/30/2017 15:50,175187,1,33.942,23.82274499
10/30/2017 15:48,10/30/2017 15:50,175188,1,33.942,23.82274499
10/30/2017 15:49,10/30/2017 15:50,175189,1,33.942,23.82274499
10/30/2017 15:50,10/30/2017 15:50,175190,1,33.942,23.82274499
10/30/2017 15:51,10/30/2017 15:55,175191,1,34.028,24.74795
10/30/2017 15:52,10/30/2017 15:55,175192,1,34.028,24.74795
10/30/2017 15:53,10/30/2017 15:55,175193,1,34.028,24.74795
10/30/2017 15:54,10/30/2017 15:55,175194,1,34.028,24.74795
10/30/2017 15:55,10/30/2017 15:55,175195,1,34.028,24.74795
10/30/2017 15:56,10/30/2017 16:00,175196,1,34.096,25.3007338
10/30/2017 15:57,10/30/2017 16:00,175197,1,34.096,25.3007338
10/30/2017 15:58,10/30/2017 16:00,175198,1,34.096,25.3007338
10/30/2017 15:59,10/30/2017 16:00,175199,1,34.096,25.3007338
10/30/2017 16:00,10/30/2017 16:00,175200,1,34.096,25.3007338
10/30/2017 16:01,10/30/2017 16:05,175201,1,34.133,25.68080839
10/30/2017 16:02,10/30/2017 16:05,175202,1,34.133,25.68080839
10/30/2017 16:03,10/30/2017 16:05,175203,1,34.133,25.68080839
10/30/2017 16:04,10/30/2017 16:05,175204,1,34.133,25.68080839
10/30/2017 16:05,10/30/2017 16:05,175205,1,34.133,25.68080839
10/30/2017 16:06,10/30/2017 16:10,175206,1,34.131,26.11254468
10/30/2017 16:07,10/30/2017 16:10,175207,1,34.131,26.11254468
10/30/2017 16:08,10/30/2017 16:10,175208,1,34.131,26.11254468
10/30/2017 16:09,10/30/2017 16:10,175209,1,34.131,26.11254468
10/30/2017 16:10,10/30/2017 16:10,175210,1,34.131,26.11254468
10/30/2017 16:11,10/30/2017 16:15,175211,1,34.091,26.50346518
10/30/2017 16:12,10/30/2017 16:15,175212,1,34.091,26.50346518
10/30/2017 16:13,10/30/2017 16:15,175213,1,34.091,26.50346518
10/30/2017 16:14,10/30/2017 16:15,175214,1,34.091,26.50346518
10/30/2017 16:15,10/30/2017 16:15,175215,1,34.091,26.50346518
10/30/2017 16:16,10/30/2017 16:20,175216,1,34.02,26.79050742
10/30/2017 16:17,10/30/2017 16:20,175217,1,34.02,26.79050742
10/30/2017 16:18,10/30/2017 16:20,175218,1,34.02,26.79050742
10/30/2017 16:19,10/30/2017 16:20,175219,1,34.02,26.79050742
10/30/2017 16:20,10/30/2017 16:20,175220,1,34.02,26.79050742
10/30/2017 16:21,10/30/2017 16:25,175221,1,33.933,27.07082456
10/30/2017 16:22,10/30/2017 16:25,175222,1,33.933,27.07082456
10/30/2017 16:23,10/30/2017 16:25,175223,1,33.933,27.07082456
10/30/2017 16:24,10/30/2017 16:25,175224,1,33.933,27.07082456
10/30/2017 16:25,10/30/2017 16:25,175225,1,33.933,27.07082456
10/30/2017 16:26,10/30/2017 16:30,175226,1,33.851,27.26224571
10/30/2017 16:27,10/30/2017 16:30,175227,1,33.851,27.26224571
10/30/2017 16:28,10/30/2017 16:30,175228,1,33.851,27.26224571
10/30/2017 16:29,10/30/2017 16:30,175229,1,33.851,27.26224571
10/30/2017 16:30,10/30/2017 16:30,175230,1,33.851,27.26224571
10/30/2017 16:31,10/30/2017 16:35,175231,1,33.797,27.47899276
10/30/2017 16:32,10/30/2017 16:35,175232,1,33.797,27.47899276
10/30/2017 16:33,10/30/2017 16:35,175233,1,33.797,27.47899276
10/30/2017 16:34,10/30/2017 16:35,175234,1,33.797,27.47899276
10/30/2017 16:35,10/30/2017 16:35,175235,1,33.797,27.47899276
10/30/2017 16:36,10/30/2017 16:40,175236,1,33.788,27.68423559
10/30/2017 16:37,10/30/2017 16:40,175237,1,33.788,27.68423559
10/30/2017 16:38,10/30/2017 16:40,175238,1,33.788,27.68423559
10/30/2017 16:39,10/30/2017 16:40,175239,1,33.788,27.68423559
10/30/2017 16:40,10/30/2017 16:40,175240,1,33.788,27.68423559
10/30/2017 16:41,10/30/2017 16:45,175241,1,33.832,27.86112026
10/30/2017 16:42,10/30/2017 16:45,175242,1,33.832,27.86112026
10/30/2017 16:43,10/30/2017 16:45,175243,1,33.832,27.86112026
10/30/2017 16:44,10/30/2017 16:45,175244,1,33.832,27.86112026
10/30/2017 16:45,10/30/2017 16:45,175245,1,33.832,27.86112026
10/30/2017 16:46,10/30/2017 16:50,175246,1,33.925,28.07850749
10/30/2017 16:47,10/30/2017 16:50,175247,1,33.925,28.07850749
10/30/2017 16:48,10/30/2017 16:50,175248,1,33.925,28.07850749
10/30/2017 16:49,10/30/2017 16:50,175249,1,33.925,28.07850749
10/30/2017 16:50,10/30/2017 16:50,175250,1,33.925,28.07850749
10/30/2017 16:51,10/30/2017 16:55,175251,1,34.049,28.18040787
10/30/2017 16:52,10/30/2017 16:55,175252,1,34.049,28.18040787
10/30/2017 16:53,10/30/2017 16:55,175253,1,34.049,28.18040787
10/30/2017 16:54,10/30/2017 16:55,175254,1,34.049,28.18040787
10/30/2017 16:55,10/30/2017 16:55,175255,1,34.049,28.18040787
10/30/2017 16:56,10/30/2017 17:00,175256,1,34.18,28.29041615
10/30/2017 16:57,10/30/2017 17:00,175257,1,34.18,28.29041615
10/30/2017 16:58,10/30/2017 17:00,175258,1,34.18,28.29041615
10/30/2017 16:59,10/30/2017 17:00,175259,1,34.18,28.29041615
10/30/2017 17:00,10/30/2017 17:00,175260,1,34.18,28.29041615
10/30/2017 17:01,10/30/2017 17:05,175261,1,34.294,28.40466676
10/30/2017 17:02,10/30/2017 17:05,175262,1,34.294,28.40466676
10/30/2017 17:03,10/30/2017 17:05,175263,1,34.294,28.40466676
10/30/2017 17:04,10/30/2017 17:05,175264,1,34.294,28.40466676
10/30/2017 17:05,10/30/2017 17:05,175265,1,34.294,28.40466676
10/30/2017 17:06,10/30/2017 17:10,175266,1,34.372,28.46118308
10/30/2017 17:07,10/30/2017 17:10,175267,1,34.372,28.46118308
10/30/2017 17:08,10/30/2017 17:10,175268,1,34.372,28.46118308
10/30/2017 17:09,10/30/2017 17:10,175269,1,34.372,28.46118308
10/30/2017 17:10,10/30/2017 17:10,175270,1,34.372,28.46118308
10/30/2017 17:11,10/30/2017 17:15,175271,1,34.404,28.62020486
10/30/2017 17:12,10/30/2017 17:15,175272,1,34.404,28.62020486
10/30/2017 17:13,10/30/2017 17:15,175273,1,34.404,28.62020486
10/30/2017 17:14,10/30/2017 17:15,175274,1,34.404,28.62020486
10/30/2017 17:15,10/30/2017 17:15,175275,1,34.404,28.62020486
10/30/2017 17:16,10/30/2017 17:20,175276,1,34.392,28.71359738
10/30/2017 17:17,10/30/2017 17:20,175277,1,34.392,28.71359738
10/30/2017 17:18,10/30/2017 17:20,175278,1,34.392,28.71359738
10/30/2017 17:19,10/30/2017 17:20,175279,1,34.392,28.71359738
10/30/2017 17:20,10/30/2017 17:20,175280,1,34.392,28.71359738
10/30/2017 17:21,10/30/2017 17:25,175281,1,34.344,28.7952498
10/30/2017 17:22,10/30/2017 17:25,175282,1,34.344,28.7952498
10/30/2017 17:23,10/30/2017 17:25,175283,1,34.344,28.7952498
10/30/2017 17:24,10/30/2017 17:25,175284,1,34.344,28.7952498
10/30/2017 17:25,10/30/2017 17:25,175285,1,34.344,28.7952498
10/30/2017 17:26,10/30/2017 17:30,175286,1,34.273,28.82969459
10/30/2017 17:27,10/30/2017 17:30,175287,1,34.273,28.82969459
10/30/2017 17:28,10/30/2017 17:30,175288,1,34.273,28.82969459
10/30/2017 17:29,10/30/2017 17:30,175289,1,34.273,28.82969459
10/30/2017 17:30,10/30/2017 17:30,175290,1,34.273,28.82969459
10/30/2017 17:31,10/30/2017 17:35,175291,1,34.194,28.82324482
10/30/2017 17:32,10/30/2017 17:35,175292,1,34.194,28.82324482
10/30/2017 17:33,10/30/2017 17:35,175293,1,34.194,28.82324482
10/30/2017 17:34,10/30/2017 17:35,175294,1,34.194,28.82324482
10/30/2017 17:35,10/30/2017 17:35,175295,1,34.194,28.82324482
10/30/2017 17:36,10/30/2017 17:40,175296,1,34.123,28.90442523
10/30/2017 17:37,10/30/2017 17:40,175297,1,34.123,28.90442523
10/30/2017 17:38,10/30/2017 17:40,175298,1,34.123,28.90442523
10/30/2017 17:39,10/30/2017 17:40,175299,1,34.123,28.90442523
10/30/2017 17:40,10/30/2017 17:40,175300,1,34.123,28.90442523
10/30/2017 17:41,10/30/2017 17:45,175301,1,34.075,28.95309726
10/30/2017 17:42,10/30/2017 17:45,175302,1,34.075,28.95309726
10/30/2017 17:43,10/30/2017 17:45,175303,1,34.075,28.95309726
10/30/2017 17:44,10/30/2017 17:45,175304,1,34.075,28.95309726
10/30/2017 17:45,10/30/2017 17:45,175305,1,34.075,28.95309726
10/30/2017 17:46,10/30/2017 17:50,175306,1,34.063,29.1382075
10/30/2017 17:47,10/30/2017 17:50,175307,1,34.063,29.1382075
10/30/2017 17:48,10/30/2017 17:50,175308,1,34.063,29.1382075
10/30/2017 17:49,10/30/2017 17:50,175309,1,34.063,29.1382075
10/30/2017 17:50,10/30/2017 17:50,175310,1,34.063,29.1382075
10/30/2017 17:51,10/30/2017 17:55,175311,1,34.091,28.99301567
10/30/2017 17:52,10/30/2017 17:55,175312,1,34.091,28.99301567
10/30/2017 17:53,10/30/2017 17:55,175313,1,34.091,28.99301567
10/30/2017 17:54,10/30/2017 17:55,175314,1,34.091,28.99301567
10/30/2017 17:55,10/30/2017 17:55,175315,1,34.091,28.99301567
10/30/2017 17:56,10/30/2017 18:00,175316,1,34.155,28.95692008
10/30/2017 17:57,10/30/2017 18:00,175317,1,34.155,28.95692008
10/30/2017 17:58,10/30/2017 18:00,175318,1,34.155,28.95692008
10/30/2017 17:59,10/30/2017 18:00,175319,1,34.155,28.95692008
10/30/2017 18:00,10/30/2017 18:00,175320,1,34.155,28.95692008
10/30/2017 18:01,10/30/2017 18:05,175321,1,34.239,28.70564655
10/30/2017 18:02,10/30/2017 18:05,175322,1,34.239,28.70564655
10/30/2017 18:03,10/30/2017 18:05,175323,1,34.239,28.70564655
10/30/2017 18:04,10/30/2017 18:05,175324,1,34.239,28.70564655
10/30/2017 18:05,10/30/2017 18:05,175325,1,34.239,28.70564655
10/30/2017 18:06,10/30/2017 18:10,175326,1,34.323,28.60896649
10/30/2017 18:07,10/30/2017 18:10,175327,1,34.323,28.60896649
10/30/2017 18:08,10/30/2017 18:10,175328,1,34.323,28.60896649
10/30/2017 18:09,10/30/2017 18:10,175329,1,34.323,28.60896649
10/30/2017 18:10,10/30/2017 18:10,175330,1,34.323,28.60896649
10/30/2017 18:11,10/30/2017 18:15,175331,1,34.388,28.55039661
10/30/2017 18:12,10/30/2017 18:15,175332,1,34.388,28.55039661
10/30/2017 18:13,10/30/2017 18:15,175333,1,34.388,28.55039661
10/30/2017 18:14,10/30/2017 18:15,175334,1,34.388,28.55039661
10/30/2017 18:15,10/30/2017 18:15,175335,1,34.388,28.55039661
10/30/2017 18:16,10/30/2017 18:20,175336,1,34.424,28.47642876
10/30/2017 18:17,10/30/2017 18:20,175337,1,34.424,28.47642876
10/30/2017 18:18,10/30/2017 18:20,175338,1,34.424,28.47642876
10/30/2017 18:19,10/30/2017 18:20,175339,1,34.424,28.47642876
10/30/2017 18:20,10/30/2017 18:20,175340,1,34.424,28.47642876
10/30/2017 18:21,10/30/2017 18:25,175341,1,34.44,28.87754165
10/30/2017 18:22,10/30/2017 18:25,175342,1,34.44,28.87754165
10/30/2017 18:23,10/30/2017 18:25,175343,1,34.44,28.87754165
10/30/2017 18:24,10/30/2017 18:25,175344,1,34.44,28.87754165
10/30/2017 18:25,10/30/2017 18:25,175345,1,34.44,28.87754165
10/30/2017 18:26,10/30/2017 18:30,175346,1,34.458,28.7063742
10/30/2017 18:27,10/30/2017 18:30,175347,1,34.458,28.7063742
10/30/2017 18:28,10/30/2017 18:30,175348,1,34.458,28.7063742
10/30/2017 18:29,10/30/2017 18:30,175349,1,34.458,28.7063742
10/30/2017 18:30,10/30/2017 18:30,175350,1,34.458,28.7063742
10/30/2017 18:31,10/30/2017 18:35,175351,1,34.509,28.05495743
10/30/2017 18:32,10/30/2017 18:35,175352,1,34.509,28.05495743
10/30/2017 18:33,10/30/2017 18:35,175353,1,34.509,28.05495743
10/30/2017 18:34,10/30/2017 18:35,175354,1,34.509,28.05495743
10/30/2017 18:35,10/30/2017 18:35,175355,1,34.509,28.05495743
10/30/2017 18:36,10/30/2017 18:40,175356,1,34.617,27.87909306
10/30/2017 18:37,10/30/2017 18:40,175357,1,34.617,27.87909306
10/30/2017 18:38,10/30/2017 18:40,175358,1,34.617,27.87909306
10/30/2017 18:39,10/30/2017 18:40,175359,1,34.617,27.87909306
10/30/2017 18:40,10/30/2017 18:40,175360,1,34.617,27.87909306
10/30/2017 18:41,10/30/2017 18:45,175361,1,34.791,27.74778068
10/30/2017 18:42,10/30/2017 18:45,175362,1,34.791,27.74778068
10/30/2017 18:43,10/30/2017 18:45,175363,1,34.791,27.74778068
10/30/2017 18:44,10/30/2017 18:45,175364,1,34.791,27.74778068
10/30/2017 18:45,10/30/2017 18:45,175365,1,34.791,27.74778068
10/30/2017 18:46,10/30/2017 18:50,175366,1,35.018,27.65796263
10/30/2017 18:47,10/30/2017 18:50,175367,1,35.018,27.65796263
10/30/2017 18:48,10/30/2017 18:50,175368,1,35.018,27.65796263
10/30/2017 18:49,10/30/2017 18:50,175369,1,35.018,27.65796263
10/30/2017 18:50,10/30/2017 18:50,175370,1,35.018,27.65796263
10/30/2017 18:51,10/30/2017 18:55,175371,1,35.261,27.53460042
10/30/2017 18:52,10/30/2017 18:55,175372,1,35.261,27.53460042
10/30/2017 18:53,10/30/2017 18:55,175373,1,35.261,27.53460042
10/30/2017 18:54,10/30/2017 18:55,175374,1,35.261,27.53460042
10/30/2017 18:55,10/30/2017 18:55,175375,1,35.261,27.53460042
10/30/2017 18:56,10/30/2017 19:00,175376,1,35.476,27.31881979
10/30/2017 18:57,10/30/2017 19:00,175377,1,35.476,27.31881979
10/30/2017 18:58,10/30/2017 19:00,175378,1,35.476,27.31881979
10/30/2017 18:59,10/30/2017 19:00,175379,1,35.476,27.31881979
10/30/2017 19:00,10/30/2017 19:00,175380,1,35.476,27.31881979
10/30/2017 19:01,10/30/2017 19:05,175381,1,35.62,27.59553374
10/30/2017 19:02,10/30/2017 19:05,175382,1,35.62,27.59553374
10/30/2017 19:03,10/30/2017 19:05,175383,1,35.62,27.59553374
10/30/2017 19:04,10/30/2017 19:05,175384,1,35.62,27.59553374
10/30/2017 19:05,10/30/2017 19:05,175385,1,35.62,27.59553374
10/30/2017 19:06,10/30/2017 19:10,175386,1,35.665,27.33954991
10/30/2017 19:07,10/30/2017 19:10,175387,1,35.665,27.33954991
10/30/2017 19:08,10/30/2017 19:10,175388,1,35.665,27.33954991
10/30/2017 19:09,10/30/2017 19:10,175389,1,35.665,27.33954991
10/30/2017 19:10,10/30/2017 19:10,175390,1,35.665,27.33954991
10/30/2017 19:11,10/30/2017 19:15,175391,1,35.608,27.15448135
10/30/2017 19:12,10/30/2017 19:15,175392,1,35.608,27.15448135
10/30/2017 19:13,10/30/2017 19:15,175393,1,35.608,27.15448135
10/30/2017 19:14,10/30/2017 19:15,175394,1,35.608,27.15448135
10/30/2017 19:15,10/30/2017 19:15,175395,1,35.608,27.15448135
10/30/2017 19:16,10/30/2017 19:20,175396,1,35.47,26.89874406
10/30/2017 19:17,10/30/2017 19:20,175397,1,35.47,26.89874406
10/30/2017 19:18,10/30/2017 19:20,175398,1,35.47,26.89874406
10/30/2017 19:19,10/30/2017 19:20,175399,1,35.47,26.89874406
10/30/2017 19:20,10/30/2017 19:20,175400,1,35.47,26.89874406
10/30/2017 19:21,10/30/2017 19:25,175401,1,35.288,24.46782168
10/30/2017 19:22,10/30/2017 19:25,175402,1,35.288,24.46782168
10/30/2017 19:23,10/30/2017 19:25,175403,1,35.288,24.46782168
10/30/2017 19:24,10/30/2017 19:25,175404,1,35.288,24.46782168
10/30/2017 19:25,10/30/2017 19:25,175405,1,35.288,24.46782168
10/30/2017 19:26,10/30/2017 19:30,175406,1,35.105,21.31970653
10/30/2017 19:27,10/30/2017 19:30,175407,1,35.105,21.31970653
10/30/2017 19:28,10/30/2017 19:30,175408,1,35.105,21.31970653
10/30/2017 19:29,10/30/2017 19:30,175409,1,35.105,21.31970653
10/30/2017 19:30,10/30/2017 19:30,175410,1,35.105,21.31970653
10/30/2017 19:31,10/30/2017 19:35,175411,1,34.957,20.89567625
10/30/2017 19:32,10/30/2017 19:35,175412,1,34.957,20.89567625
10/30/2017 19:33,10/30/2017 19:35,175413,1,34.957,20.89567625
10/30/2017 19:34,10/30/2017 19:35,175414,1,34.957,20.89567625
10/30/2017 19:35,10/30/2017 19:35,175415,1,34.957,20.89567625
10/30/2017 19:36,10/30/2017 19:40,175416,1,34.865,20.05976973
10/30/2017 19:37,10/30/2017 19:40,175417,1,34.865,20.05976973
10/30/2017 19:38,10/30/2017 19:40,175418,1,34.865,20.05976973
10/30/2017 19:39,10/30/2017 19:40,175419,1,34.865,20.05976973
10/30/2017 19:40,10/30/2017 19:40,175420,1,34.865,20.05976973
10/30/2017 19:41,10/30/2017 19:45,175421,1,34.832,18.73151483
10/30/2017 19:42,10/30/2017 19:45,175422,1,34.832,18.73151483
10/30/2017 19:43,10/30/2017 19:45,175423,1,34.832,18.73151483
10/30/2017 19:44,10/30/2017 19:45,175424,1,34.832,18.73151483
10/30/2017 19:45,10/30/2017 19:45,175425,1,34.832,18.73151483
10/30/2017 19:46,10/30/2017 19:50,175426,1,34.845,18.60869952
10/30/2017 19:47,10/30/2017 19:50,175427,1,34.845,18.60869952
10/30/2017 19:48,10/30/2017 19:50,175428,1,34.845,18.60869952
10/30/2017 19:49,10/30/2017 19:50,175429,1,34.845,18.60869952
10/30/2017 19:50,10/30/2017 19:50,175430,1,34.845,18.60869952
10/30/2017 19:51,10/30/2017 19:55,175431,1,34.879,17.98041811
10/30/2017 19:52,10/30/2017 19:55,175432,1,34.879,17.98041811
10/30/2017 19:53,10/30/2017 19:55,175433,1,34.879,17.98041811
10/30/2017 19:54,10/30/2017 19:55,175434,1,34.879,17.98041811
10/30/2017 19:55,10/30/2017 19:55,175435,1,34.879,17.98041811
10/30/2017 19:56,10/30/2017 20:00,175436,1,34.908,16.79841691
10/30/2017 19:57,10/30/2017 20:00,175437,1,34.908,16.79841691
10/30/2017 19:58,10/30/2017 20:00,175438,1,34.908,16.79841691
10/30/2017 19:59,10/30/2017 20:00,175439,1,34.908,16.79841691
10/30/2017 20:00,10/30/2017 20:00,175440,1,34.908,16.79841691
10/30/2017 20:01,10/30/2017 20:05,175441,1,34.914,14.15564997
10/30/2017 20:02,10/30/2017 20:05,175442,1,34.914,14.15564997
10/30/2017 20:03,10/30/2017 20:05,175443,1,34.914,14.15564997
10/30/2017 20:04,10/30/2017 20:05,175444,1,34.914,14.15564997
10/30/2017 20:05,10/30/2017 20:05,175445,1,34.914,14.15564997
10/30/2017 20:06,10/30/2017 20:10,175446,1,34.885,12.39217814
10/30/2017 20:07,10/30/2017 20:10,175447,1,34.885,12.39217814
10/30/2017 20:08,10/30/2017 20:10,175448,1,34.885,12.39217814
10/30/2017 20:09,10/30/2017 20:10,175449,1,34.885,12.39217814
10/30/2017 20:10,10/30/2017 20:10,175450,1,34.885,12.39217814
10/30/2017 20:11,10/30/2017 20:15,175451,1,34.822,14.91134533
10/30/2017 20:12,10/30/2017 20:15,175452,1,34.822,14.91134533
10/30/2017 20:13,10/30/2017 20:15,175453,1,34.822,14.91134533
10/30/2017 20:14,10/30/2017 20:15,175454,1,34.822,14.91134533
10/30/2017 20:15,10/30/2017 20:15,175455,1,34.822,14.91134533
10/30/2017 20:16,10/30/2017 20:20,175456,1,34.73,13.05278009
10/30/2017 20:17,10/30/2017 20:20,175457,1,34.73,13.05278009
10/30/2017 20:18,10/30/2017 20:20,175458,1,34.73,13.05278009
10/30/2017 20:19,10/30/2017 20:20,175459,1,34.73,13.05278009
10/30/2017 20:20,10/30/2017 20:20,175460,1,34.73,13.05278009
10/30/2017 20:21,10/30/2017 20:25,175461,1,34.62,11.13609564
10/30/2017 20:22,10/30/2017 20:25,175462,1,34.62,11.13609564
10/30/2017 20:23,10/30/2017 20:25,175463,1,34.62,11.13609564
10/30/2017 20:24,10/30/2017 20:25,175464,1,34.62,11.13609564
10/30/2017 20:25,10/30/2017 20:25,175465,1,34.62,11.13609564
10/30/2017 20:26,10/30/2017 20:30,175466,1,34.499,7.219369929
10/30/2017 20:27,10/30/2017 20:30,175467,1,34.499,7.219369929
10/30/2017 20:28,10/30/2017 20:30,175468,1,34.499,7.219369929
10/30/2017 20:29,10/30/2017 20:30,175469,1,34.499,7.219369929
10/30/2017 20:30,10/30/2017 20:30,175470,1,34.499,7.219369929
10/30/2017 20:31,10/30/2017 20:35,175471,1,34.374,6.775863449
10/30/2017 20:32,10/30/2017 20:35,175472,1,34.374,6.775863449
10/30/2017 20:33,10/30/2017 20:35,175473,1,34.374,6.775863449
10/30/2017 20:34,10/30/2017 20:35,175474,1,34.374,6.775863449
10/30/2017 20:35,10/30/2017 20:35,175475,1,34.374,6.775863449
10/30/2017 20:36,10/30/2017 20:40,175476,1,34.251,6.543770976
10/30/2017 20:37,10/30/2017 20:40,175477,1,34.251,6.543770976
10/30/2017 20:38,10/30/2017 20:40,175478,1,34.251,6.543770976
10/30/2017 20:39,10/30/2017 20:40,175479,1,34.251,6.543770976
10/30/2017 20:40,10/30/2017 20:40,175480,1,34.251,6.543770976
10/30/2017 20:41,10/30/2017 20:45,175481,1,34.135,7.717166139
10/30/2017 20:42,10/30/2017 20:45,175482,1,34.135,7.717166139
10/30/2017 20:43,10/30/2017 20:45,175483,1,34.135,7.717166139
10/30/2017 20:44,10/30/2017 20:45,175484,1,34.135,7.717166139
10/30/2017 20:45,10/30/2017 20:45,175485,1,34.135,7.717166139
10/30/2017 20:46,10/30/2017 20:50,175486,1,34.03,6.427845461
10/30/2017 20:47,10/30/2017 20:50,175487,1,34.03,6.427845461
10/30/2017 20:48,10/30/2017 20:50,175488,1,34.03,6.427845461
10/30/2017 20:49,10/30/2017 20:50,175489,1,34.03,6.427845461
10/30/2017 20:50,10/30/2017 20:50,175490,1,34.03,6.427845461
10/30/2017 20:51,10/30/2017 20:55,175491,1,33.939,5.561924498
10/30/2017 20:52,10/30/2017 20:55,175492,1,33.939,5.561924498
10/30/2017 20:53,10/30/2017 20:55,175493,1,33.939,5.561924498
10/30/2017 20:54,10/30/2017 20:55,175494,1,33.939,5.561924498
10/30/2017 20:55,10/30/2017 20:55,175495,1,33.939,5.561924498
10/30/2017 20:56,10/30/2017 21:00,175496,1,33.862,5.456888744
10/30/2017 20:57,10/30/2017 21:00,175497,1,33.862,5.456888744
10/30/2017 20:58,10/30/2017 21:00,175498,1,33.862,5.456888744
10/30/2017 20:59,10/30/2017 21:00,175499,1,33.862,5.456888744
10/30/2017 21:00,10/30/2017 21:00,175500,1,33.862,5.456888744
10/30/2017 21:01,10/30/2017 21:05,175501,1,33.789,4.922461342
10/30/2017 21:02,10/30/2017 21:05,175502,1,33.789,4.922461342
10/30/2017 21:03,10/30/2017 21:05,175503,1,33.789,4.922461342
10/30/2017 21:04,10/30/2017 21:05,175504,1,33.789,4.922461342
10/30/2017 21:05,10/30/2017 21:05,175505,1,33.789,4.922461342
10/30/2017 21:06,10/30/2017 21:10,175506,1,33.709,4.862578418
10/30/2017 21:07,10/30/2017 21:10,175507,1,33.709,4.862578418
10/30/2017 21:08,10/30/2017 21:10,175508,1,33.709,4.862578418
10/30/2017 21:09,10/30/2017 21:10,175509,1,33.709,4.862578418
10/30/2017 21:10,10/30/2017 21:10,175510,1,33.709,4.862578418
10/30/2017 21:11,10/30/2017 21:15,175511,1,33.607,4.040086151
10/30/2017 21:12,10/30/2017 21:15,175512,1,33.607,4.040086151
10/30/2017 21:13,10/30/2017 21:15,175513,1,33.607,4.040086151
10/30/2017 21:14,10/30/2017 21:15,175514,1,33.607,4.040086151
10/30/2017 21:15,10/30/2017 21:15,175515,1,33.607,4.040086151
10/30/2017 21:16,10/30/2017 21:20,175516,1,33.472,3.554641406
10/30/2017 21:17,10/30/2017 21:20,175517,1,33.472,3.554641406
10/30/2017 21:18,10/30/2017 21:20,175518,1,33.472,3.554641406
10/30/2017 21:19,10/30/2017 21:20,175519,1,33.472,3.554641406
10/30/2017 21:20,10/30/2017 21:20,175520,1,33.472,3.554641406
10/30/2017 21:21,10/30/2017 21:25,175521,1,33.3,3.207954649
10/30/2017 21:22,10/30/2017 21:25,175522,1,33.3,3.207954649
10/30/2017 21:23,10/30/2017 21:25,175523,1,33.3,3.207954649
10/30/2017 21:24,10/30/2017 21:25,175524,1,33.3,3.207954649
10/30/2017 21:25,10/30/2017 21:25,175525,1,33.3,3.207954649
10/30/2017 21:26,10/30/2017 21:30,175526,1,33.099,2.929913476
10/30/2017 21:27,10/30/2017 21:30,175527,1,33.099,2.929913476
10/30/2017 21:28,10/30/2017 21:30,175528,1,33.099,2.929913476
10/30/2017 21:29,10/30/2017 21:30,175529,1,33.099,2.929913476
10/30/2017 21:30,10/30/2017 21:30,175530,1,33.099,2.929913476
10/30/2017 21:31,10/30/2017 21:35,175531,1,32.886,2.624820054
10/30/2017 21:32,10/30/2017 21:35,175532,1,32.886,2.624820054
10/30/2017 21:33,10/30/2017 21:35,175533,1,32.886,2.624820054
10/30/2017 21:34,10/30/2017 21:35,175534,1,32.886,2.624820054
10/30/2017 21:35,10/30/2017 21:35,175535,1,32.886,2.624820054
10/30/2017 21:36,10/30/2017 21:40,175536,1,32.68,2.283521303
10/30/2017 21:37,10/30/2017 21:40,175537,1,32.68,2.283521303
10/30/2017 21:38,10/30/2017 21:40,175538,1,32.68,2.283521303
10/30/2017 21:39,10/30/2017 21:40,175539,1,32.68,2.283521303
10/30/2017 21:40,10/30/2017 21:40,175540,1,32.68,2.283521303
10/30/2017 21:41,10/30/2017 21:45,175541,1,32.503,1.994345866
10/30/2017 21:42,10/30/2017 21:45,175542,1,32.503,1.994345866
10/30/2017 21:43,10/30/2017 21:45,175543,1,32.503,1.994345866
10/30/2017 21:44,10/30/2017 21:45,175544,1,32.503,1.994345866
10/30/2017 21:45,10/30/2017 21:45,175545,1,32.503,1.994345866
10/30/2017 21:46,10/30/2017 21:50,175546,1,32.368,1.74556923
10/30/2017 21:47,10/30/2017 21:50,175547,1,32.368,1.74556923
10/30/2017 21:48,10/30/2017 21:50,175548,1,32.368,1.74556923
10/30/2017 21:49,10/30/2017 21:50,175549,1,32.368,1.74556923
10/30/2017 21:50,10/30/2017 21:50,175550,1,32.368,1.74556923
10/30/2017 21:51,10/30/2017 21:55,175551,1,32.281,1.556937576
10/30/2017 21:52,10/30/2017 21:55,175552,1,32.281,1.556937576
10/30/2017 21:53,10/30/2017 21:55,175553,1,32.281,1.556937576
10/30/2017 21:54,10/30/2017 21:55,175554,1,32.281,1.556937576
10/30/2017 21:55,10/30/2017 21:55,175555,1,32.281,1.556937576
10/30/2017 21:56,10/30/2017 22:00,175556,1,32.237,1.336880535
10/30/2017 21:57,10/30/2017 22:00,175557,1,32.237,1.336880535
10/30/2017 21:58,10/30/2017 22:00,175558,1,32.237,1.336880535
10/30/2017 21:59,10/30/2017 22:00,175559,1,32.237,1.336880535
10/30/2017 22:00,10/30/2017 22:00,175560,1,32.237,1.336880535
10/30/2017 22:01,10/30/2017 22:05,175561,1,32.223,1.154256272
10/30/2017 22:02,10/30/2017 22:05,175562,1,32.223,1.154256272
10/30/2017 22:03,10/30/2017 22:05,175563,1,32.223,1.154256272
10/30/2017 22:04,10/30/2017 22:05,175564,1,32.223,1.154256272
10/30/2017 22:05,10/30/2017 22:05,175565,1,32.223,1.154256272
10/30/2017 22:06,10/30/2017 22:10,175566,1,32.223,0.981129719
10/30/2017 22:07,10/30/2017 22:10,175567,1,32.223,0.981129719
10/30/2017 22:08,10/30/2017 22:10,175568,1,32.223,0.981129719
10/30/2017 22:09,10/30/2017 22:10,175569,1,32.223,0.981129719
10/30/2017 22:10,10/30/2017 22:10,175570,1,32.223,0.981129719
10/30/2017 22:11,10/30/2017 22:15,175571,1,32.216,0.385741284
10/30/2017 22:12,10/30/2017 22:15,175572,1,32.216,0.385741284
10/30/2017 22:13,10/30/2017 22:15,175573,1,32.216,0.385741284
10/30/2017 22:14,10/30/2017 22:15,175574,1,32.216,0.385741284
10/30/2017 22:15,10/30/2017 22:15,175575,1,32.216,0.385741284
10/30/2017 22:16,10/30/2017 22:20,175576,1,32.186,0.328519659
10/30/2017 22:17,10/30/2017 22:20,175577,1,32.186,0.328519659
10/30/2017 22:18,10/30/2017 22:20,175578,1,32.186,0.328519659
10/30/2017 22:19,10/30/2017 22:20,175579,1,32.186,0.328519659
10/30/2017 22:20,10/30/2017 22:20,175580,1,32.186,0.328519659
10/30/2017 22:21,10/30/2017 22:25,175581,1,32.122,0
10/30/2017 22:22,10/30/2017 22:25,175582,1,32.122,0
10/30/2017 22:23,10/30/2017 22:25,175583,1,32.122,0
10/30/2017 22:24,10/30/2017 22:25,175584,1,32.122,0
10/30/2017 22:25,10/30/2017 22:25,175585,1,32.122,0
10/30/2017 22:26,10/30/2017 22:30,175586,1,32.021,0
10/30/2017 22:27,10/30/2017 22:30,175587,1,32.021,0
10/30/2017 22:28,10/30/2017 22:30,175588,1,32.021,0
10/30/2017 22:29,10/30/2017 22:30,175589,1,32.021,0
10/30/2017 22:30,10/30/2017 22:30,175590,1,32.021,0
10/30/2017 22:31,10/30/2017 22:35,175591,1,31.889,0
10/30/2017 22:32,10/30/2017 22:35,175592,1,31.889,0
10/30/2017 22:33,10/30/2017 22:35,175593,1,31.889,0
10/30/2017 22:34,10/30/2017 22:35,175594,1,31.889,0
10/30/2017 22:35,10/30/2017 22:35,175595,1,31.889,0
10/30/2017 22:36,10/30/2017 22:40,175596,1,31.739,0
10/30/2017 22:37,10/30/2017 22:40,175597,1,31.739,0
10/30/2017 22:38,10/30/2017 22:40,175598,1,31.739,0
10/30/2017 22:39,10/30/2017 22:40,175599,1,31.739,0
10/30/2017 22:40,10/30/2017 22:40,175600,1,31.739,0
10/30/2017 22:41,10/30/2017 22:45,175601,1,31.589,0
10/30/2017 22:42,10/30/2017 22:45,175602,1,31.589,0
10/30/2017 22:43,10/30/2017 22:45,175603,1,31.589,0
10/30/2017 22:44,10/30/2017 22:45,175604,1,31.589,0
10/30/2017 22:45,10/30/2017 22:45,175605,1,31.589,0
10/30/2017 22:46,10/30/2017 22:50,175606,1,31.455,0
10/30/2017 22:47,10/30/2017 22:50,175607,1,31.455,0
10/30/2017 22:48,10/30/2017 22:50,175608,1,31.455,0
10/30/2017 22:49,10/30/2017 22:50,175609,1,31.455,0
10/30/2017 22:50,10/30/2017 22:50,175610,1,31.455,0
10/30/2017 22:51,10/30/2017 22:55,175611,1,31.348,0
10/30/2017 22:52,10/30/2017 22:55,175612,1,31.348,0
10/30/2017 22:53,10/30/2017 22:55,175613,1,31.348,0
10/30/2017 22:54,10/30/2017 22:55,175614,1,31.348,0
10/30/2017 22:55,10/30/2017 22:55,175615,1,31.348,0
10/30/2017 22:56,10/30/2017 23:00,175616,1,31.273,0
10/30/2017 22:57,10/30/2017 23:00,175617,1,31.273,0
10/30/2017 22:58,10/30/2017 23:00,175618,1,31.273,0
10/30/2017 22:59,10/30/2017 23:00,175619,1,31.273,0
10/30/2017 23:00,10/30/2017 23:00,175620,1,31.273,0
10/30/2017 23:01,10/30/2017 23:05,175621,1,31.225,0
10/30/2017 23:02,10/30/2017 23:05,175622,1,31.225,0
10/30/2017 23:03,10/30/2017 23:05,175623,1,31.225,0
10/30/2017 23:04,10/30/2017 23:05,175624,1,31.225,0
10/30/2017 23:05,10/30/2017 23:05,175625,1,31.225,0
10/30/2017 23:06,10/30/2017 23:10,175626,1,31.196,0
10/30/2017 23:07,10/30/2017 23:10,175627,1,31.196,0
10/30/2017 23:08,10/30/2017 23:10,175628,1,31.196,0
10/30/2017 23:09,10/30/2017 23:10,175629,1,31.196,0
10/30/2017 23:10,10/30/2017 23:10,175630,1,31.196,0
10/30/2017 23:11,10/30/2017 23:15,175631,1,31.18,0
10/30/2017 23:12,10/30/2017 23:15,175632,1,31.18,0
10/30/2017 23:13,10/30/2017 23:15,175633,1,31.18,0
10/30/2017 23:14,10/30/2017 23:15,175634,1,31.18,0
10/30/2017 23:15,10/30/2017 23:15,175635,1,31.18,0
10/30/2017 23:16,10/30/2017 23:20,175636,1,31.169,0
10/30/2017 23:17,10/30/2017 23:20,175637,1,31.169,0
10/30/2017 23:18,10/30/2017 23:20,175638,1,31.169,0
10/30/2017 23:19,10/30/2017 23:20,175639,1,31.169,0
10/30/2017 23:20,10/30/2017 23:20,175640,1,31.169,0
10/30/2017 23:21,10/30/2017 23:25,175641,1,31.161,0
10/30/2017 23:22,10/30/2017 23:25,175642,1,31.161,0
10/30/2017 23:23,10/30/2017 23:25,175643,1,31.161,0
10/30/2017 23:24,10/30/2017 23:25,175644,1,31.161,0
10/30/2017 23:25,10/30/2017 23:25,175645,1,31.161,0
10/30/2017 23:26,10/30/2017 23:30,175646,1,31.156,0
10/30/2017 23:27,10/30/2017 23:30,175647,1,31.156,0
10/30/2017 23:28,10/30/2017 23:30,175648,1,31.156,0
10/30/2017 23:29,10/30/2017 23:30,175649,1,31.156,0
10/30/2017 23:30,10/30/2017 23:30,175650,1,31.156,0
10/30/2017 23:31,10/30/2017 23:35,175651,1,31.152,0
10/30/2017 23:32,10/30/2017 23:35,175652,1,31.152,0
10/30/2017 23:33,10/30/2017 23:35,175653,1,31.152,0
10/30/2017 23:34,10/30/2017 23:35,175654,1,31.152,0
10/30/2017 23:35,10/30/2017 23:35,175655,1,31.152,0
10/30/2017 23:36,10/30/2017 23:40,175656,1,31.146,0
10/30/2017 23:37,10/30/2017 23:40,175657,1,31.146,0
10/30/2017 23:38,10/30/2017 23:40,175658,1,31.146,0
10/30/2017 23:39,10/30/2017 23:40,175659,1,31.146,0
10/30/2017 23:40,10/30/2017 23:40,175660,1,31.146,0
10/30/2017 23:41,10/30/2017 23:45,175661,1,31.129,0
10/30/2017 23:42,10/30/2017 23:45,175662,1,31.129,0
10/30/2017 23:43,10/30/2017 23:45,175663,1,31.129,0
10/30/2017 23:44,10/30/2017 23:45,175664,1,31.129,0
10/30/2017 23:45,10/30/2017 23:45,175665,1,31.129,0
10/30/2017 23:46,10/30/2017 23:50,175666,1,31.093,0
10/30/2017 23:47,10/30/2017 23:50,175667,1,31.093,0
10/30/2017 23:48,10/30/2017 23:50,175668,1,31.093,0
10/30/2017 23:49,10/30/2017 23:50,175669,1,31.093,0
10/30/2017 23:50,10/30/2017 23:50,175670,1,31.093,0
10/30/2017 23:51,10/30/2017 23:55,175671,1,31.029,0
10/30/2017 23:52,10/30/2017 23:55,175672,1,31.029,0
10/30/2017 23:53,10/30/2017 23:55,175673,1,31.029,0
10/30/2017 23:54,10/30/2017 23:55,175674,1,31.029,0
10/30/2017 23:55,10/30/2017 23:55,175675,1,31.029,0
10/30/2017 23:56,10/31/2017 0:00,175676,1,30.936,0
10/30/2017 23:57,10/31/2017 0:00,175677,1,30.936,0
10/30/2017 23:58,10/31/2017 0:00,175678,1,30.936,0
10/30/2017 23:59,10/31/2017 0:00,175679,1,30.936,0
10/31/2017 0:00,10/31/2017 0:00,175680,1,30.936,0
10/31/2017 0:01,10/31/2017 0:05,175681,1,30.816,0
10/31/2017 0:02,10/31/2017 0:05,175682,1,30.816,0
10/31/2017 0:03,10/31/2017 0:05,175683,1,30.816,0
10/31/2017 0:04,10/31/2017 0:05,175684,1,30.816,0
10/31/2017 0:05,10/31/2017 0:05,175685,1,30.816,0
10/31/2017 0:06,10/31/2017 0:10,175686,1,30.681,0
10/31/2017 0:07,10/31/2017 0:10,175687,1,30.681,0
10/31/2017 0:08,10/31/2017 0:10,175688,1,30.681,0
10/31/2017 0:09,10/31/2017 0:10,175689,1,30.681,0
10/31/2017 0:10,10/31/2017 0:10,175690,1,30.681,0
10/31/2017 0:11,10/31/2017 0:15,175691,1,30.546,0
10/31/2017 0:12,10/31/2017 0:15,175692,1,30.546,0
10/31/2017 0:13,10/31/2017 0:15,175693,1,30.546,0
10/31/2017 0:14,10/31/2017 0:15,175694,1,30.546,0
10/31/2017 0:15,10/31/2017 0:15,175695,1,30.546,0
10/31/2017 0:16,10/31/2017 0:20,175696,1,30.424,0
10/31/2017 0:17,10/31/2017 0:20,175697,1,30.424,0
10/31/2017 0:18,10/31/2017 0:20,175698,1,30.424,0
10/31/2017 0:19,10/31/2017 0:20,175699,1,30.424,0
10/31/2017 0:20,10/31/2017 0:20,175700,1,30.424,0
10/31/2017 0:21,10/31/2017 0:25,175701,1,30.325,0
10/31/2017 0:22,10/31/2017 0:25,175702,1,30.325,0
10/31/2017 0:23,10/31/2017 0:25,175703,1,30.325,0
10/31/2017 0:24,10/31/2017 0:25,175704,1,30.325,0
10/31/2017 0:25,10/31/2017 0:25,175705,1,30.325,0
10/31/2017 0:26,10/31/2017 0:30,175706,1,30.249,0
10/31/2017 0:27,10/31/2017 0:30,175707,1,30.249,0
10/31/2017 0:28,10/31/2017 0:30,175708,1,30.249,0
10/31/2017 0:29,10/31/2017 0:30,175709,1,30.249,0
10/31/2017 0:30,10/31/2017 0:30,175710,1,30.249,0
10/31/2017 0:31,10/31/2017 0:35,175711,1,30.193,0
10/31/2017 0:32,10/31/2017 0:35,175712,1,30.193,0
10/31/2017 0:33,10/31/2017 0:35,175713,1,30.193,0
10/31/2017 0:34,10/31/2017 0:35,175714,1,30.193,0
10/31/2017 0:35,10/31/2017 0:35,175715,1,30.193,0
10/31/2017 0:36,10/31/2017 0:40,175716,1,30.146,0
10/31/2017 0:37,10/31/2017 0:40,175717,1,30.146,0
10/31/2017 0:38,10/31/2017 0:40,175718,1,30.146,0
10/31/2017 0:39,10/31/2017 0:40,175719,1,30.146,0
10/31/2017 0:40,10/31/2017 0:40,175720,1,30.146,0
10/31/2017 0:41,10/31/2017 0:45,175721,1,30.1,0
10/31/2017 0:42,10/31/2017 0:45,175722,1,30.1,0
10/31/2017 0:43,10/31/2017 0:45,175723,1,30.1,0
10/31/2017 0:44,10/31/2017 0:45,175724,1,30.1,0
10/31/2017 0:45,10/31/2017 0:45,175725,1,30.1,0
10/31/2017 0:46,10/31/2017 0:50,175726,1,30.052,0
10/31/2017 0:47,10/31/2017 0:50,175727,1,30.052,0
10/31/2017 0:48,10/31/2017 0:50,175728,1,30.052,0
10/31/2017 0:49,10/31/2017 0:50,175729,1,30.052,0
10/31/2017 0:50,10/31/2017 0:50,175730,1,30.052,0
10/31/2017 0:51,10/31/2017 0:55,175731,1,30.001,0
10/31/2017 0:52,10/31/2017 0:55,175732,1,30.001,0
10/31/2017 0:53,10/31/2017 0:55,175733,1,30.001,0
10/31/2017 0:54,10/31/2017 0:55,175734,1,30.001,0
10/31/2017 0:55,10/31/2017 0:55,175735,1,30.001,0
10/31/2017 0:56,10/31/2017 1:00,175736,1,29.955,0
10/31/2017 0:57,10/31/2017 1:00,175737,1,29.955,0
10/31/2017 0:58,10/31/2017 1:00,175738,1,29.955,0
10/31/2017 0:59,10/31/2017 1:00,175739,1,29.955,0
10/31/2017 1:00,10/31/2017 1:00,175740,1,29.955,0
10/31/2017 1:01,10/31/2017 1:05,175741,1,29.918,0
10/31/2017 1:02,10/31/2017 1:05,175742,1,29.918,0
10/31/2017 1:03,10/31/2017 1:05,175743,1,29.918,0
10/31/2017 1:04,10/31/2017 1:05,175744,1,29.918,0
10/31/2017 1:05,10/31/2017 1:05,175745,1,29.918,0
10/31/2017 1:06,10/31/2017 1:10,175746,1,29.893,0
10/31/2017 1:07,10/31/2017 1:10,175747,1,29.893,0
10/31/2017 1:08,10/31/2017 1:10,175748,1,29.893,0
10/31/2017 1:09,10/31/2017 1:10,175749,1,29.893,0
10/31/2017 1:10,10/31/2017 1:10,175750,1,29.893,0
10/31/2017 1:11,10/31/2017 1:15,175751,1,29.877,0
10/31/2017 1:12,10/31/2017 1:15,175752,1,29.877,0
10/31/2017 1:13,10/31/2017 1:15,175753,1,29.877,0
10/31/2017 1:14,10/31/2017 1:15,175754,1,29.877,0
10/31/2017 1:15,10/31/2017 1:15,175755,1,29.877,0
10/31/2017 1:16,10/31/2017 1:20,175756,1,29.859,0
10/31/2017 1:17,10/31/2017 1:20,175757,1,29.859,0
10/31/2017 1:18,10/31/2017 1:20,175758,1,29.859,0
10/31/2017 1:19,10/31/2017 1:20,175759,1,29.859,0
10/31/2017 1:20,10/31/2017 1:20,175760,1,29.859,0
10/31/2017 1:21,10/31/2017 1:25,175761,1,29.824,0
10/31/2017 1:22,10/31/2017 1:25,175762,1,29.824,0
10/31/2017 1:23,10/31/2017 1:25,175763,1,29.824,0
10/31/2017 1:24,10/31/2017 1:25,175764,1,29.824,0
10/31/2017 1:25,10/31/2017 1:25,175765,1,29.824,0
10/31/2017 1:26,10/31/2017 1:30,175766,1,29.759,0
10/31/2017 1:27,10/31/2017 1:30,175767,1,29.759,0
10/31/2017 1:28,10/31/2017 1:30,175768,1,29.759,0
10/31/2017 1:29,10/31/2017 1:30,175769,1,29.759,0
10/31/2017 1:30,10/31/2017 1:30,175770,1,29.759,0
10/31/2017 1:31,10/31/2017 1:35,175771,1,29.662,0
10/31/2017 1:32,10/31/2017 1:35,175772,1,29.662,0
10/31/2017 1:33,10/31/2017 1:35,175773,1,29.662,0
10/31/2017 1:34,10/31/2017 1:35,175774,1,29.662,0
10/31/2017 1:35,10/31/2017 1:35,175775,1,29.662,0
10/31/2017 1:36,10/31/2017 1:40,175776,1,29.535,0
10/31/2017 1:37,10/31/2017 1:40,175777,1,29.535,0
10/31/2017 1:38,10/31/2017 1:40,175778,1,29.535,0
10/31/2017 1:39,10/31/2017 1:40,175779,1,29.535,0
10/31/2017 1:40,10/31/2017 1:40,175780,1,29.535,0
10/31/2017 1:41,10/31/2017 1:45,175781,1,29.392,0
10/31/2017 1:42,10/31/2017 1:45,175782,1,29.392,0
10/31/2017 1:43,10/31/2017 1:45,175783,1,29.392,0
10/31/2017 1:44,10/31/2017 1:45,175784,1,29.392,0
10/31/2017 1:45,10/31/2017 1:45,175785,1,29.392,0
10/31/2017 1:46,10/31/2017 1:50,175786,1,29.248,0
10/31/2017 1:47,10/31/2017 1:50,175787,1,29.248,0
10/31/2017 1:48,10/31/2017 1:50,175788,1,29.248,0
10/31/2017 1:49,10/31/2017 1:50,175789,1,29.248,0
10/31/2017 1:50,10/31/2017 1:50,175790,1,29.248,0
10/31/2017 1:51,10/31/2017 1:55,175791,1,29.114,0
10/31/2017 1:52,10/31/2017 1:55,175792,1,29.114,0
10/31/2017 1:53,10/31/2017 1:55,175793,1,29.114,0
10/31/2017 1:54,10/31/2017 1:55,175794,1,29.114,0
10/31/2017 1:55,10/31/2017 1:55,175795,1,29.114,0
10/31/2017 1:56,10/31/2017 2:00,175796,1,28.993,0
10/31/2017 1:57,10/31/2017 2:00,175797,1,28.993,0
10/31/2017 1:58,10/31/2017 2:00,175798,1,28.993,0
10/31/2017 1:59,10/31/2017 2:00,175799,1,28.993,0
10/31/2017 2:00,10/31/2017 2:00,175800,1,28.993,0
10/31/2017 2:01,10/31/2017 2:05,175801,1,28.882,0
10/31/2017 2:02,10/31/2017 2:05,175802,1,28.882,0
10/31/2017 2:03,10/31/2017 2:05,175803,1,28.882,0
10/31/2017 2:04,10/31/2017 2:05,175804,1,28.882,0
10/31/2017 2:05,10/31/2017 2:05,175805,1,28.882,0
10/31/2017 2:06,10/31/2017 2:10,175806,1,28.773,0
10/31/2017 2:07,10/31/2017 2:10,175807,1,28.773,0
10/31/2017 2:08,10/31/2017 2:10,175808,1,28.773,0
10/31/2017 2:09,10/31/2017 2:10,175809,1,28.773,0
10/31/2017 2:10,10/31/2017 2:10,175810,1,28.773,0
10/31/2017 2:11,10/31/2017 2:15,175811,1,28.662,0
10/31/2017 2:12,10/31/2017 2:15,175812,1,28.662,0
10/31/2017 2:13,10/31/2017 2:15,175813,1,28.662,0
10/31/2017 2:14,10/31/2017 2:15,175814,1,28.662,0
10/31/2017 2:15,10/31/2017 2:15,175815,1,28.662,0
10/31/2017 2:16,10/31/2017 2:20,175816,1,28.553,0
10/31/2017 2:17,10/31/2017 2:20,175817,1,28.553,0
10/31/2017 2:18,10/31/2017 2:20,175818,1,28.553,0
10/31/2017 2:19,10/31/2017 2:20,175819,1,28.553,0
10/31/2017 2:20,10/31/2017 2:20,175820,1,28.553,0
10/31/2017 2:21,10/31/2017 2:25,175821,1,28.456,0
10/31/2017 2:22,10/31/2017 2:25,175822,1,28.456,0
10/31/2017 2:23,10/31/2017 2:25,175823,1,28.456,0
10/31/2017 2:24,10/31/2017 2:25,175824,1,28.456,0
10/31/2017 2:25,10/31/2017 2:25,175825,1,28.456,0
10/31/2017 2:26,10/31/2017 2:30,175826,1,28.38,0
10/31/2017 2:27,10/31/2017 2:30,175827,1,28.38,0
10/31/2017 2:28,10/31/2017 2:30,175828,1,28.38,0
10/31/2017 2:29,10/31/2017 2:30,175829,1,28.38,0
10/31/2017 2:30,10/31/2017 2:30,175830,1,28.38,0
10/31/2017 2:31,10/31/2017 2:35,175831,1,28.33,0
10/31/2017 2:32,10/31/2017 2:35,175832,1,28.33,0
10/31/2017 2:33,10/31/2017 2:35,175833,1,28.33,0
10/31/2017 2:34,10/31/2017 2:35,175834,1,28.33,0
10/31/2017 2:35,10/31/2017 2:35,175835,1,28.33,0
10/31/2017 2:36,10/31/2017 2:40,175836,1,28.294,0
10/31/2017 2:37,10/31/2017 2:40,175837,1,28.294,0
10/31/2017 2:38,10/31/2017 2:40,175838,1,28.294,0
10/31/2017 2:39,10/31/2017 2:40,175839,1,28.294,0
10/31/2017 2:40,10/31/2017 2:40,175840,1,28.294,0
10/31/2017 2:41,10/31/2017 2:45,175841,1,28.253,0
10/31/2017 2:42,10/31/2017 2:45,175842,1,28.253,0
10/31/2017 2:43,10/31/2017 2:45,175843,1,28.253,0
10/31/2017 2:44,10/31/2017 2:45,175844,1,28.253,0
10/31/2017 2:45,10/31/2017 2:45,175845,1,28.253,0
10/31/2017 2:46,10/31/2017 2:50,175846,1,28.18,0
10/31/2017 2:47,10/31/2017 2:50,175847,1,28.18,0
10/31/2017 2:48,10/31/2017 2:50,175848,1,28.18,0
10/31/2017 2:49,10/31/2017 2:50,175849,1,28.18,0
10/31/2017 2:50,10/31/2017 2:50,175850,1,28.18,0
10/31/2017 2:51,10/31/2017 2:55,175851,1,28.061,0
10/31/2017 2:52,10/31/2017 2:55,175852,1,28.061,0
10/31/2017 2:53,10/31/2017 2:55,175853,1,28.061,0
10/31/2017 2:54,10/31/2017 2:55,175854,1,28.061,0
10/31/2017 2:55,10/31/2017 2:55,175855,1,28.061,0
10/31/2017 2:56,10/31/2017 3:00,175856,1,27.899,0
10/31/2017 2:57,10/31/2017 3:00,175857,1,27.899,0
10/31/2017 2:58,10/31/2017 3:00,175858,1,27.899,0
10/31/2017 2:59,10/31/2017 3:00,175859,1,27.899,0
10/31/2017 3:00,10/31/2017 3:00,175860,1,27.899,0
10/31/2017 3:01,10/31/2017 3:05,175861,1,27.716,0
10/31/2017 3:02,10/31/2017 3:05,175862,1,27.716,0
10/31/2017 3:03,10/31/2017 3:05,175863,1,27.716,0
10/31/2017 3:04,10/31/2017 3:05,175864,1,27.716,0
10/31/2017 3:05,10/31/2017 3:05,175865,1,27.716,0
10/31/2017 3:06,10/31/2017 3:10,175866,1,27.55,0
10/31/2017 3:07,10/31/2017 3:10,175867,1,27.55,0
10/31/2017 3:08,10/31/2017 3:10,175868,1,27.55,0
10/31/2017 3:09,10/31/2017 3:10,175869,1,27.55,0
10/31/2017 3:10,10/31/2017 3:10,175870,1,27.55,0
10/31/2017 3:11,10/31/2017 3:15,175871,1,27.433,0
10/31/2017 3:12,10/31/2017 3:15,175872,1,27.433,0
10/31/2017 3:13,10/31/2017 3:15,175873,1,27.433,0
10/31/2017 3:14,10/31/2017 3:15,175874,1,27.433,0
10/31/2017 3:15,10/31/2017 3:15,175875,1,27.433,0
10/31/2017 3:16,10/31/2017 3:20,175876,1,27.382,0
10/31/2017 3:17,10/31/2017 3:20,175877,1,27.382,0
10/31/2017 3:18,10/31/2017 3:20,175878,1,27.382,0
10/31/2017 3:19,10/31/2017 3:20,175879,1,27.382,0
10/31/2017 3:20,10/31/2017 3:20,175880,1,27.382,0
10/31/2017 3:21,10/31/2017 3:25,175881,1,27.388,0
10/31/2017 3:22,10/31/2017 3:25,175882,1,27.388,0
10/31/2017 3:23,10/31/2017 3:25,175883,1,27.388,0
10/31/2017 3:24,10/31/2017 3:25,175884,1,27.388,0
10/31/2017 3:25,10/31/2017 3:25,175885,1,27.388,0
10/31/2017 3:26,10/31/2017 3:30,175886,1,27.42,0
10/31/2017 3:27,10/31/2017 3:30,175887,1,27.42,0
10/31/2017 3:28,10/31/2017 3:30,175888,1,27.42,0
10/31/2017 3:29,10/31/2017 3:30,175889,1,27.42,0
10/31/2017 3:30,10/31/2017 3:30,175890,1,27.42,0
10/31/2017 3:31,10/31/2017 3:35,175891,1,27.438,0
10/31/2017 3:32,10/31/2017 3:35,175892,1,27.438,0
10/31/2017 3:33,10/31/2017 3:35,175893,1,27.438,0
10/31/2017 3:34,10/31/2017 3:35,175894,1,27.438,0
10/31/2017 3:35,10/31/2017 3:35,175895,1,27.438,0
10/31/2017 3:36,10/31/2017 3:40,175896,1,27.41,0
10/31/2017 3:37,10/31/2017 3:40,175897,1,27.41,0
10/31/2017 3:38,10/31/2017 3:40,175898,1,27.41,0
10/31/2017 3:39,10/31/2017 3:40,175899,1,27.41,0
10/31/2017 3:40,10/31/2017 3:40,175900,1,27.41,0
10/31/2017 3:41,10/31/2017 3:45,175901,1,27.325,0
10/31/2017 3:42,10/31/2017 3:45,175902,1,27.325,0
10/31/2017 3:43,10/31/2017 3:45,175903,1,27.325,0
10/31/2017 3:44,10/31/2017 3:45,175904,1,27.325,0
10/31/2017 3:45,10/31/2017 3:45,175905,1,27.325,0
10/31/2017 3:46,10/31/2017 3:50,175906,1,27.196,0
10/31/2017 3:47,10/31/2017 3:50,175907,1,27.196,0
10/31/2017 3:48,10/31/2017 3:50,175908,1,27.196,0
10/31/2017 3:49,10/31/2017 3:50,175909,1,27.196,0
10/31/2017 3:50,10/31/2017 3:50,175910,1,27.196,0
10/31/2017 3:51,10/31/2017 3:55,175911,1,27.052,0
10/31/2017 3:52,10/31/2017 3:55,175912,1,27.052,0
10/31/2017 3:53,10/31/2017 3:55,175913,1,27.052,0
10/31/2017 3:54,10/31/2017 3:55,175914,1,27.052,0
10/31/2017 3:55,10/31/2017 3:55,175915,1,27.052,0
10/31/2017 3:56,10/31/2017 4:00,175916,1,26.922,0
10/31/2017 3:57,10/31/2017 4:00,175917,1,26.922,0
10/31/2017 3:58,10/31/2017 4:00,175918,1,26.922,0
10/31/2017 3:59,10/31/2017 4:00,175919,1,26.922,0
