DatetimeUTC,dt,hour,demand,solar
2017-10-30 00:00:00-04:00,1,0,26.467,0.0
2017-10-30 00:01:00-04:00,1,0,26.32,0.0
2017-10-30 00:02:00-04:00,1,0,26.32,0.0
2017-10-30 00:03:00-04:00,1,0,26.32,0.0
2017-10-30 00:04:00-04:00,1,0,26.32,0.0
2017-10-30 00:05:00-04:00,1,0,26.32,0.0
2017-10-30 00:06:00-04:00,1,0,26.188,0.0
2017-10-30 00:07:00-04:00,1,0,26.188,0.0
2017-10-30 00:08:00-04:00,1,0,26.188,0.0
2017-10-30 00:09:00-04:00,1,0,26.188,0.0
2017-10-30 00:10:00-04:00,1,0,26.188,0.0
2017-10-30 00:11:00-04:00,1,0,26.087,0.0
2017-10-30 00:12:00-04:00,1,0,26.087,0.0
2017-10-30 00:13:00-04:00,1,0,26.087,0.0
2017-10-30 00:14:00-04:00,1,0,26.087,0.0
2017-10-30 00:15:00-04:00,1,0,26.087,0.0
2017-10-30 00:16:00-04:00,1,0,26.024,0.0
2017-10-30 00:17:00-04:00,1,0,26.024,0.0
2017-10-30 00:18:00-04:00,1,0,26.024,0.0
2017-10-30 00:19:00-04:00,1,0,26.024,0.0
2017-10-30 00:20:00-04:00,1,0,26.024,0.0
2017-10-30 00:21:00-04:00,1,0,25.994,0.0
2017-10-30 00:22:00-04:00,1,0,25.994,0.0
2017-10-30 00:23:00-04:00,1,0,25.994,0.0
2017-10-30 00:24:00-04:00,1,0,25.994,0.0
2017-10-30 00:25:00-04:00,1,0,25.994,0.0
2017-10-30 00:26:00-04:00,1,0,25.99,0.0
2017-10-30 00:27:00-04:00,1,0,25.99,0.0
2017-10-30 00:28:00-04:00,1,0,25.99,0.0
2017-10-30 00:29:00-04:00,1,0,25.99,0.0
2017-10-30 00:30:00-04:00,1,0,25.99,0.0
2017-10-30 00:31:00-04:00,1,0,25.995,0.0
2017-10-30 00:32:00-04:00,1,0,25.995,0.0
2017-10-30 00:33:00-04:00,1,0,25.995,0.0
2017-10-30 00:34:00-04:00,1,0,25.995,0.0
2017-10-30 00:35:00-04:00,1,0,25.995,0.0
2017-10-30 00:36:00-04:00,1,0,25.997,0.0
2017-10-30 00:37:00-04:00,1,0,25.997,0.0
2017-10-30 00:38:00-04:00,1,0,25.997,0.0
2017-10-30 00:39:00-04:00,1,0,25.997,0.0
2017-10-30 00:40:00-04:00,1,0,25.997,0.0
2017-10-30 00:41:00-04:00,1,0,25.982,0.0
2017-10-30 00:42:00-04:00,1,0,25.982,0.0
2017-10-30 00:43:00-04:00,1,0,25.982,0.0
2017-10-30 00:44:00-04:00,1,0,25.982,0.0
2017-10-30 00:45:00-04:00,1,0,25.982,0.0
2017-10-30 00:46:00-04:00,1,0,25.945,0.0
2017-10-30 00:47:00-04:00,1,0,25.945,0.0
2017-10-30 00:48:00-04:00,1,0,25.945,0.0
2017-10-30 00:49:00-04:00,1,0,25.945,0.0
2017-10-30 00:50:00-04:00,1,0,25.945,0.0
2017-10-30 00:51:00-04:00,1,0,25.889,0.0
2017-10-30 00:52:00-04:00,1,0,25.889,0.0
2017-10-30 00:53:00-04:00,1,0,25.889,0.0
2017-10-30 00:54:00-04:00,1,0,25.889,0.0
2017-10-30 00:55:00-04:00,1,0,25.889,0.0
2017-10-30 00:56:00-04:00,1,0,25.821,0.0
2017-10-30 00:57:00-04:00,1,0,25.821,0.0
2017-10-30 00:58:00-04:00,1,0,25.821,0.0
2017-10-30 00:59:00-04:00,1,0,25.821,0.0
2017-10-30 01:00:00-04:00,1,1,25.821,0.0
2017-10-30 01:01:00-04:00,1,1,25.756,0.0
2017-10-30 01:02:00-04:00,1,1,25.756,0.0
2017-10-30 01:03:00-04:00,1,1,25.756,0.0
2017-10-30 01:04:00-04:00,1,1,25.756,0.0
2017-10-30 01:05:00-04:00,1,1,25.756,0.0
2017-10-30 01:06:00-04:00,1,1,25.705,0.0
2017-10-30 01:07:00-04:00,1,1,25.705,0.0
2017-10-30 01:08:00-04:00,1,1,25.705,0.0
2017-10-30 01:09:00-04:00,1,1,25.705,0.0
2017-10-30 01:10:00-04:00,1,1,25.705,0.0
2017-10-30 01:11:00-04:00,1,1,25.679,0.0
2017-10-30 01:12:00-04:00,1,1,25.679,0.0
2017-10-30 01:13:00-04:00,1,1,25.679,0.0
2017-10-30 01:14:00-04:00,1,1,25.679,0.0
2017-10-30 01:15:00-04:00,1,1,25.679,0.0
2017-10-30 01:16:00-04:00,1,1,25.678,0.0
2017-10-30 01:17:00-04:00,1,1,25.678,0.0
2017-10-30 01:18:00-04:00,1,1,25.678,0.0
2017-10-30 01:19:00-04:00,1,1,25.678,0.0
2017-10-30 01:20:00-04:00,1,1,25.678,0.0
2017-10-30 01:21:00-04:00,1,1,25.696,0.0
2017-10-30 01:22:00-04:00,1,1,25.696,0.0
2017-10-30 01:23:00-04:00,1,1,25.696,0.0
2017-10-30 01:24:00-04:00,1,1,25.696,0.0
2017-10-30 01:25:00-04:00,1,1,25.696,0.0
2017-10-30 01:26:00-04:00,1,1,25.723,0.0
2017-10-30 01:27:00-04:00,1,1,25.723,0.0
2017-10-30 01:28:00-04:00,1,1,25.723,0.0
2017-10-30 01:29:00-04:00,1,1,25.723,0.0
2017-10-30 01:30:00-04:00,1,1,25.723,0.0
2017-10-30 01:31:00-04:00,1,1,25.744,0.0
2017-10-30 01:32:00-04:00,1,1,25.744,0.0
2017-10-30 01:33:00-04:00,1,1,25.744,0.0
2017-10-30 01:34:00-04:00,1,1,25.744,0.0
2017-10-30 01:35:00-04:00,1,1,25.744,0.0
2017-10-30 01:36:00-04:00,1,1,25.752,0.0
2017-10-30 01:37:00-04:00,1,1,25.752,0.0
2017-10-30 01:38:00-04:00,1,1,25.752,0.0
2017-10-30 01:39:00-04:00,1,1,25.752,0.0
2017-10-30 01:40:00-04:00,1,1,25.752,0.0
2017-10-30 01:41:00-04:00,1,1,25.743,0.0
2017-10-30 01:42:00-04:00,1,1,25.743,0.0
2017-10-30 01:43:00-04:00,1,1,25.743,0.0
2017-10-30 01:44:00-04:00,1,1,25.743,0.0
2017-10-30 01:45:00-04:00,1,1,25.743,0.0
2017-10-30 01:46:00-04:00,1,1,25.72,0.0
2017-10-30 01:47:00-04:00,1,1,25.72,0.0
2017-10-30 01:48:00-04:00,1,1,25.72,0.0
2017-10-30 01:49:00-04:00,1,1,25.72,0.0
2017-10-30 01:50:00-04:00,1,1,25.72,0.0
2017-10-30 01:51:00-04:00,1,1,25.69,0.0
2017-10-30 01:52:00-04:00,1,1,25.69,0.0
2017-10-30 01:53:00-04:00,1,1,25.69,0.0
2017-10-30 01:54:00-04:00,1,1,25.69,0.0
2017-10-30 01:55:00-04:00,1,1,25.69,0.0
2017-10-30 01:56:00-04:00,1,1,25.662,0.0
2017-10-30 01:57:00-04:00,1,1,25.662,0.0
2017-10-30 01:58:00-04:00,1,1,25.662,0.0
2017-10-30 01:59:00-04:00,1,1,25.662,0.0
2017-10-30 02:00:00-04:00,1,2,25.662,0.0
2017-10-30 02:01:00-04:00,1,2,25.643,0.0
2017-10-30 02:02:00-04:00,1,2,25.643,0.0
2017-10-30 02:03:00-04:00,1,2,25.643,0.0
2017-10-30 02:04:00-04:00,1,2,25.643,0.0
2017-10-30 02:05:00-04:00,1,2,25.643,0.0
2017-10-30 02:06:00-04:00,1,2,25.636,0.0
2017-10-30 02:07:00-04:00,1,2,25.636,0.0
2017-10-30 02:08:00-04:00,1,2,25.636,0.0
2017-10-30 02:09:00-04:00,1,2,25.636,0.0
2017-10-30 02:10:00-04:00,1,2,25.636,0.0
2017-10-30 02:11:00-04:00,1,2,25.639,0.0
2017-10-30 02:12:00-04:00,1,2,25.639,0.0
2017-10-30 02:13:00-04:00,1,2,25.639,0.0
2017-10-30 02:14:00-04:00,1,2,25.639,0.0
2017-10-30 02:15:00-04:00,1,2,25.639,0.0
2017-10-30 02:16:00-04:00,1,2,25.646,0.0
2017-10-30 02:17:00-04:00,1,2,25.646,0.0
2017-10-30 02:18:00-04:00,1,2,25.646,0.0
2017-10-30 02:19:00-04:00,1,2,25.646,0.0
2017-10-30 02:20:00-04:00,1,2,25.646,0.0
2017-10-30 02:21:00-04:00,1,2,25.649,0.0
2017-10-30 02:22:00-04:00,1,2,25.649,0.0
2017-10-30 02:23:00-04:00,1,2,25.649,0.0
2017-10-30 02:24:00-04:00,1,2,25.649,0.0
2017-10-30 02:25:00-04:00,1,2,25.649,0.0
2017-10-30 02:26:00-04:00,1,2,25.642,0.0
2017-10-30 02:27:00-04:00,1,2,25.642,0.0
2017-10-30 02:28:00-04:00,1,2,25.642,0.0
2017-10-30 02:29:00-04:00,1,2,25.642,0.0
2017-10-30 02:30:00-04:00,1,2,25.642,0.0
2017-10-30 02:31:00-04:00,1,2,25.621,0.0
2017-10-30 02:32:00-04:00,1,2,25.621,0.0
2017-10-30 02:33:00-04:00,1,2,25.621,0.0
2017-10-30 02:34:00-04:00,1,2,25.621,0.0
2017-10-30 02:35:00-04:00,1,2,25.621,0.0
2017-10-30 02:36:00-04:00,1,2,25.586,0.0
2017-10-30 02:37:00-04:00,1,2,25.586,0.0
2017-10-30 02:38:00-04:00,1,2,25.586,0.0
2017-10-30 02:39:00-04:00,1,2,25.586,0.0
2017-10-30 02:40:00-04:00,1,2,25.586,0.0
2017-10-30 02:41:00-04:00,1,2,25.544,0.0
2017-10-30 02:42:00-04:00,1,2,25.544,0.0
2017-10-30 02:43:00-04:00,1,2,25.544,0.0
2017-10-30 02:44:00-04:00,1,2,25.544,0.0
2017-10-30 02:45:00-04:00,1,2,25.544,0.0
2017-10-30 02:46:00-04:00,1,2,25.504,0.0
2017-10-30 02:47:00-04:00,1,2,25.504,0.0
2017-10-30 02:48:00-04:00,1,2,25.504,0.0
2017-10-30 02:49:00-04:00,1,2,25.504,0.0
2017-10-30 02:50:00-04:00,1,2,25.504,0.0
2017-10-30 02:51:00-04:00,1,2,25.475,0.0
2017-10-30 02:52:00-04:00,1,2,25.475,0.0
2017-10-30 02:53:00-04:00,1,2,25.475,0.0
2017-10-30 02:54:00-04:00,1,2,25.475,0.0
2017-10-30 02:55:00-04:00,1,2,25.475,0.0
2017-10-30 02:56:00-04:00,1,2,25.465,0.0
2017-10-30 02:57:00-04:00,1,2,25.465,0.0
2017-10-30 02:58:00-04:00,1,2,25.465,0.0
2017-10-30 02:59:00-04:00,1,2,25.465,0.0
2017-10-30 03:00:00-04:00,1,3,25.465,0.0
2017-10-30 03:01:00-04:00,1,3,25.477,0.0
2017-10-30 03:02:00-04:00,1,3,25.477,0.0
2017-10-30 03:03:00-04:00,1,3,25.477,0.0
2017-10-30 03:04:00-04:00,1,3,25.477,0.0
2017-10-30 03:05:00-04:00,1,3,25.477,0.0
2017-10-30 03:06:00-04:00,1,3,25.505,0.0
2017-10-30 03:07:00-04:00,1,3,25.505,0.0
2017-10-30 03:08:00-04:00,1,3,25.505,0.0
2017-10-30 03:09:00-04:00,1,3,25.505,0.0
2017-10-30 03:10:00-04:00,1,3,25.505,0.0
2017-10-30 03:11:00-04:00,1,3,25.54,0.0
2017-10-30 03:12:00-04:00,1,3,25.54,0.0
2017-10-30 03:13:00-04:00,1,3,25.54,0.0
2017-10-30 03:14:00-04:00,1,3,25.54,0.0
2017-10-30 03:15:00-04:00,1,3,25.54,0.0
2017-10-30 03:16:00-04:00,1,3,25.568,0.0
2017-10-30 03:17:00-04:00,1,3,25.568,0.0
2017-10-30 03:18:00-04:00,1,3,25.568,0.0
2017-10-30 03:19:00-04:00,1,3,25.568,0.0
2017-10-30 03:20:00-04:00,1,3,25.568,0.0
2017-10-30 03:21:00-04:00,1,3,25.578,0.0
2017-10-30 03:22:00-04:00,1,3,25.578,0.0
2017-10-30 03:23:00-04:00,1,3,25.578,0.0
2017-10-30 03:24:00-04:00,1,3,25.578,0.0
2017-10-30 03:25:00-04:00,1,3,25.578,0.0
2017-10-30 03:26:00-04:00,1,3,25.565,0.0
2017-10-30 03:27:00-04:00,1,3,25.565,0.0
2017-10-30 03:28:00-04:00,1,3,25.565,0.0
2017-10-30 03:29:00-04:00,1,3,25.565,0.0
2017-10-30 03:30:00-04:00,1,3,25.565,0.0
2017-10-30 03:31:00-04:00,1,3,25.533,0.0
2017-10-30 03:32:00-04:00,1,3,25.533,0.0
2017-10-30 03:33:00-04:00,1,3,25.533,0.0
2017-10-30 03:34:00-04:00,1,3,25.533,0.0
2017-10-30 03:35:00-04:00,1,3,25.533,0.0
2017-10-30 03:36:00-04:00,1,3,25.496,0.0
2017-10-30 03:37:00-04:00,1,3,25.496,0.0
2017-10-30 03:38:00-04:00,1,3,25.496,0.0
2017-10-30 03:39:00-04:00,1,3,25.496,0.0
2017-10-30 03:40:00-04:00,1,3,25.496,0.0
2017-10-30 03:41:00-04:00,1,3,25.472,0.0
2017-10-30 03:42:00-04:00,1,3,25.472,0.0
2017-10-30 03:43:00-04:00,1,3,25.472,0.0
2017-10-30 03:44:00-04:00,1,3,25.472,0.0
2017-10-30 03:45:00-04:00,1,3,25.472,0.0
2017-10-30 03:46:00-04:00,1,3,25.481,0.0
2017-10-30 03:47:00-04:00,1,3,25.481,0.0
2017-10-30 03:48:00-04:00,1,3,25.481,0.0
2017-10-30 03:49:00-04:00,1,3,25.481,0.0
2017-10-30 03:50:00-04:00,1,3,25.481,0.0
2017-10-30 03:51:00-04:00,1,3,25.532,0.0
2017-10-30 03:52:00-04:00,1,3,25.532,0.0
2017-10-30 03:53:00-04:00,1,3,25.532,0.0
2017-10-30 03:54:00-04:00,1,3,25.532,0.0
2017-10-30 03:55:00-04:00,1,3,25.532,0.0
2017-10-30 03:56:00-04:00,1,3,25.624,0.0
2017-10-30 03:57:00-04:00,1,3,25.624,0.0
2017-10-30 03:58:00-04:00,1,3,25.624,0.0
2017-10-30 03:59:00-04:00,1,3,25.624,0.0
2017-10-30 04:00:00-04:00,1,4,25.624,0.0
2017-10-30 04:01:00-04:00,1,4,25.742,0.0
2017-10-30 04:02:00-04:00,1,4,25.742,0.0
2017-10-30 04:03:00-04:00,1,4,25.742,0.0
2017-10-30 04:04:00-04:00,1,4,25.742,0.0
2017-10-30 04:05:00-04:00,1,4,25.742,0.0
2017-10-30 04:06:00-04:00,1,4,25.864,0.0
2017-10-30 04:07:00-04:00,1,4,25.864,0.0
2017-10-30 04:08:00-04:00,1,4,25.864,0.0
2017-10-30 04:09:00-04:00,1,4,25.864,0.0
2017-10-30 04:10:00-04:00,1,4,25.864,0.0
2017-10-30 04:11:00-04:00,1,4,25.965,0.0
2017-10-30 04:12:00-04:00,1,4,25.965,0.0
2017-10-30 04:13:00-04:00,1,4,25.965,0.0
2017-10-30 04:14:00-04:00,1,4,25.965,0.0
2017-10-30 04:15:00-04:00,1,4,25.965,0.0
2017-10-30 04:16:00-04:00,1,4,26.028,0.0
2017-10-30 04:17:00-04:00,1,4,26.028,0.0
2017-10-30 04:18:00-04:00,1,4,26.028,0.0
2017-10-30 04:19:00-04:00,1,4,26.028,0.0
2017-10-30 04:20:00-04:00,1,4,26.028,0.0
2017-10-30 04:21:00-04:00,1,4,26.052,0.0
2017-10-30 04:22:00-04:00,1,4,26.052,0.0
2017-10-30 04:23:00-04:00,1,4,26.052,0.0
2017-10-30 04:24:00-04:00,1,4,26.052,0.0
2017-10-30 04:25:00-04:00,1,4,26.052,0.0
2017-10-30 04:26:00-04:00,1,4,26.048,0.0
2017-10-30 04:27:00-04:00,1,4,26.048,0.0
2017-10-30 04:28:00-04:00,1,4,26.048,0.0
2017-10-30 04:29:00-04:00,1,4,26.048,0.0
2017-10-30 04:30:00-04:00,1,4,26.048,0.0
2017-10-30 04:31:00-04:00,1,4,26.038,0.0
2017-10-30 04:32:00-04:00,1,4,26.038,0.0
2017-10-30 04:33:00-04:00,1,4,26.038,0.0
2017-10-30 04:34:00-04:00,1,4,26.038,0.0
2017-10-30 04:35:00-04:00,1,4,26.038,0.0
2017-10-30 04:36:00-04:00,1,4,26.049,0.0
2017-10-30 04:37:00-04:00,1,4,26.049,0.0
2017-10-30 04:38:00-04:00,1,4,26.049,0.0
2017-10-30 04:39:00-04:00,1,4,26.049,0.0
2017-10-30 04:40:00-04:00,1,4,26.049,0.0
2017-10-30 04:41:00-04:00,1,4,26.098,0.0
2017-10-30 04:42:00-04:00,1,4,26.098,0.0
2017-10-30 04:43:00-04:00,1,4,26.098,0.0
2017-10-30 04:44:00-04:00,1,4,26.098,0.0
2017-10-30 04:45:00-04:00,1,4,26.098,0.0
2017-10-30 04:46:00-04:00,1,4,26.194,0.0
2017-10-30 04:47:00-04:00,1,4,26.194,0.0
2017-10-30 04:48:00-04:00,1,4,26.194,0.0
2017-10-30 04:49:00-04:00,1,4,26.194,0.0
2017-10-30 04:50:00-04:00,1,4,26.194,0.0
2017-10-30 04:51:00-04:00,1,4,26.331,0.0
2017-10-30 04:52:00-04:00,1,4,26.331,0.0
2017-10-30 04:53:00-04:00,1,4,26.331,0.0
2017-10-30 04:54:00-04:00,1,4,26.331,0.0
2017-10-30 04:55:00-04:00,1,4,26.331,0.0
2017-10-30 04:56:00-04:00,1,4,26.496,0.0
2017-10-30 04:57:00-04:00,1,4,26.496,0.0
2017-10-30 04:58:00-04:00,1,4,26.496,0.0
2017-10-30 04:59:00-04:00,1,4,26.496,0.0
2017-10-30 05:00:00-04:00,1,5,26.496,0.0
2017-10-30 05:01:00-04:00,1,5,26.667,0.0
2017-10-30 05:02:00-04:00,1,5,26.667,0.0
2017-10-30 05:03:00-04:00,1,5,26.667,0.0
2017-10-30 05:04:00-04:00,1,5,26.667,0.0
2017-10-30 05:05:00-04:00,1,5,26.667,0.0
2017-10-30 05:06:00-04:00,1,5,26.826,0.0
2017-10-30 05:07:00-04:00,1,5,26.826,0.0
2017-10-30 05:08:00-04:00,1,5,26.826,0.0
2017-10-30 05:09:00-04:00,1,5,26.826,0.0
2017-10-30 05:10:00-04:00,1,5,26.826,0.0
2017-10-30 05:11:00-04:00,1,5,26.955,0.0
2017-10-30 05:12:00-04:00,1,5,26.955,0.0
2017-10-30 05:13:00-04:00,1,5,26.955,0.0
2017-10-30 05:14:00-04:00,1,5,26.955,0.0
2017-10-30 05:15:00-04:00,1,5,26.955,0.0
2017-10-30 05:16:00-04:00,1,5,27.046,0.0
2017-10-30 05:17:00-04:00,1,5,27.046,0.0
2017-10-30 05:18:00-04:00,1,5,27.046,0.0
2017-10-30 05:19:00-04:00,1,5,27.046,0.0
2017-10-30 05:20:00-04:00,1,5,27.046,0.0
2017-10-30 05:21:00-04:00,1,5,27.097,0.0
2017-10-30 05:22:00-04:00,1,5,27.097,0.0
2017-10-30 05:23:00-04:00,1,5,27.097,0.0
2017-10-30 05:24:00-04:00,1,5,27.097,0.0
2017-10-30 05:25:00-04:00,1,5,27.097,0.0
2017-10-30 05:26:00-04:00,1,5,27.116,0.0
2017-10-30 05:27:00-04:00,1,5,27.116,0.0
2017-10-30 05:28:00-04:00,1,5,27.116,0.0
2017-10-30 05:29:00-04:00,1,5,27.116,0.0
2017-10-30 05:30:00-04:00,1,5,27.116,0.0
2017-10-30 05:31:00-04:00,1,5,27.124,0.0
2017-10-30 05:32:00-04:00,1,5,27.124,0.0
2017-10-30 05:33:00-04:00,1,5,27.124,0.0
2017-10-30 05:34:00-04:00,1,5,27.124,0.0
2017-10-30 05:35:00-04:00,1,5,27.124,0.0
2017-10-30 05:36:00-04:00,1,5,27.145,0.0
2017-10-30 05:37:00-04:00,1,5,27.145,0.0
2017-10-30 05:38:00-04:00,1,5,27.145,0.0
2017-10-30 05:39:00-04:00,1,5,27.145,0.0
2017-10-30 05:40:00-04:00,1,5,27.145,0.0
2017-10-30 05:41:00-04:00,1,5,27.209,0.0
2017-10-30 05:42:00-04:00,1,5,27.209,0.0
2017-10-30 05:43:00-04:00,1,5,27.209,0.0
2017-10-30 05:44:00-04:00,1,5,27.209,0.0
2017-10-30 05:45:00-04:00,1,5,27.209,0.0
2017-10-30 05:46:00-04:00,1,5,27.338,0.0
2017-10-30 05:47:00-04:00,1,5,27.338,0.0
2017-10-30 05:48:00-04:00,1,5,27.338,0.0
2017-10-30 05:49:00-04:00,1,5,27.338,0.0
2017-10-30 05:50:00-04:00,1,5,27.338,0.0
2017-10-30 05:51:00-04:00,1,5,27.54,0.0
2017-10-30 05:52:00-04:00,1,5,27.54,0.0
2017-10-30 05:53:00-04:00,1,5,27.54,0.0
2017-10-30 05:54:00-04:00,1,5,27.54,0.0
2017-10-30 05:55:00-04:00,1,5,27.54,0.0
2017-10-30 05:56:00-04:00,1,5,27.805,0.0
2017-10-30 05:57:00-04:00,1,5,27.805,0.0
2017-10-30 05:58:00-04:00,1,5,27.805,0.0
2017-10-30 05:59:00-04:00,1,5,27.805,0.0
2017-10-30 06:00:00-04:00,1,6,27.805,0.0
2017-10-30 06:01:00-04:00,1,6,28.103,0.0
2017-10-30 06:02:00-04:00,1,6,28.103,0.0
2017-10-30 06:03:00-04:00,1,6,28.103,0.0
2017-10-30 06:04:00-04:00,1,6,28.103,0.0
2017-10-30 06:05:00-04:00,1,6,28.103,0.0
2017-10-30 06:06:00-04:00,1,6,28.391,0.0
2017-10-30 06:07:00-04:00,1,6,28.391,0.0
2017-10-30 06:08:00-04:00,1,6,28.391,0.0
2017-10-30 06:09:00-04:00,1,6,28.391,0.0
2017-10-30 06:10:00-04:00,1,6,28.391,0.0
2017-10-30 06:11:00-04:00,1,6,28.633,0.0
2017-10-30 06:12:00-04:00,1,6,28.633,0.0
2017-10-30 06:13:00-04:00,1,6,28.633,0.0
2017-10-30 06:14:00-04:00,1,6,28.633,0.0
2017-10-30 06:15:00-04:00,1,6,28.633,0.0
2017-10-30 06:16:00-04:00,1,6,28.801,0.0
2017-10-30 06:17:00-04:00,1,6,28.801,0.0
2017-10-30 06:18:00-04:00,1,6,28.801,0.0
2017-10-30 06:19:00-04:00,1,6,28.801,0.0
2017-10-30 06:20:00-04:00,1,6,28.801,0.0
2017-10-30 06:21:00-04:00,1,6,28.896,0.0
2017-10-30 06:22:00-04:00,1,6,28.896,0.0
2017-10-30 06:23:00-04:00,1,6,28.896,0.0
2017-10-30 06:24:00-04:00,1,6,28.896,0.0
2017-10-30 06:25:00-04:00,1,6,28.896,0.0
2017-10-30 06:26:00-04:00,1,6,28.935,0.0
2017-10-30 06:27:00-04:00,1,6,28.935,0.0
2017-10-30 06:28:00-04:00,1,6,28.935,0.0
2017-10-30 06:29:00-04:00,1,6,28.935,0.0
2017-10-30 06:30:00-04:00,1,6,28.935,0.0
2017-10-30 06:31:00-04:00,1,6,28.954,0.0
2017-10-30 06:32:00-04:00,1,6,28.954,0.0
2017-10-30 06:33:00-04:00,1,6,28.954,0.0
2017-10-30 06:34:00-04:00,1,6,28.954,0.0
2017-10-30 06:35:00-04:00,1,6,28.954,0.0
2017-10-30 06:36:00-04:00,1,6,28.99,0.0
2017-10-30 06:37:00-04:00,1,6,28.99,0.0
2017-10-30 06:38:00-04:00,1,6,28.99,0.0
2017-10-30 06:39:00-04:00,1,6,28.99,0.0
2017-10-30 06:40:00-04:00,1,6,28.99,0.0
2017-10-30 06:41:00-04:00,1,6,29.071,0.0
2017-10-30 06:42:00-04:00,1,6,29.071,0.0
2017-10-30 06:43:00-04:00,1,6,29.071,0.0
2017-10-30 06:44:00-04:00,1,6,29.071,0.0
2017-10-30 06:45:00-04:00,1,6,29.071,0.0
2017-10-30 06:46:00-04:00,1,6,29.209,0.0
2017-10-30 06:47:00-04:00,1,6,29.209,0.0
2017-10-30 06:48:00-04:00,1,6,29.209,0.0
2017-10-30 06:49:00-04:00,1,6,29.209,0.0
2017-10-30 06:50:00-04:00,1,6,29.209,0.0
2017-10-30 06:51:00-04:00,1,6,29.399,0.0
2017-10-30 06:52:00-04:00,1,6,29.399,0.0
2017-10-30 06:53:00-04:00,1,6,29.399,0.0
2017-10-30 06:54:00-04:00,1,6,29.399,0.0
2017-10-30 06:55:00-04:00,1,6,29.399,0.0
2017-10-30 06:56:00-04:00,1,6,29.621,0.0
2017-10-30 06:57:00-04:00,1,6,29.621,0.0
2017-10-30 06:58:00-04:00,1,6,29.621,0.0
2017-10-30 06:59:00-04:00,1,6,29.621,0.0
2017-10-30 07:00:00-04:00,1,7,29.621,0.0
2017-10-30 07:01:00-04:00,1,7,29.848,0.0
2017-10-30 07:02:00-04:00,1,7,29.848,0.0
2017-10-30 07:03:00-04:00,1,7,29.848,0.0
2017-10-30 07:04:00-04:00,1,7,29.848,0.0
2017-10-30 07:05:00-04:00,1,7,29.848,0.0
2017-10-30 07:06:00-04:00,1,7,30.055,0.0
2017-10-30 07:07:00-04:00,1,7,30.055,0.0
2017-10-30 07:08:00-04:00,1,7,30.055,0.0
2017-10-30 07:09:00-04:00,1,7,30.055,0.0
2017-10-30 07:10:00-04:00,1,7,30.055,0.0
2017-10-30 07:11:00-04:00,1,7,30.223,0.0
2017-10-30 07:12:00-04:00,1,7,30.223,0.0
2017-10-30 07:13:00-04:00,1,7,30.223,0.0
2017-10-30 07:14:00-04:00,1,7,30.223,0.0
2017-10-30 07:15:00-04:00,1,7,30.223,0.0
2017-10-30 07:16:00-04:00,1,7,30.343,0.0
2017-10-30 07:17:00-04:00,1,7,30.343,0.0
2017-10-30 07:18:00-04:00,1,7,30.343,0.0
2017-10-30 07:19:00-04:00,1,7,30.343,0.0
2017-10-30 07:20:00-04:00,1,7,30.343,0.0
2017-10-30 07:21:00-04:00,1,7,30.42,0.0
2017-10-30 07:22:00-04:00,1,7,30.42,0.0
2017-10-30 07:23:00-04:00,1,7,30.42,0.0
2017-10-30 07:24:00-04:00,1,7,30.42,0.0
2017-10-30 07:25:00-04:00,1,7,30.42,0.0
2017-10-30 07:26:00-04:00,1,7,30.47,0.0
2017-10-30 07:27:00-04:00,1,7,30.47,0.0
2017-10-30 07:28:00-04:00,1,7,30.47,0.0
2017-10-30 07:29:00-04:00,1,7,30.47,0.0
2017-10-30 07:30:00-04:00,1,7,30.47,0.0
2017-10-30 07:31:00-04:00,1,7,30.516,0.0
2017-10-30 07:32:00-04:00,1,7,30.516,0.0
2017-10-30 07:33:00-04:00,1,7,30.516,0.0
2017-10-30 07:34:00-04:00,1,7,30.516,0.0
2017-10-30 07:35:00-04:00,1,7,30.516,0.0
2017-10-30 07:36:00-04:00,1,7,30.584,0.0
2017-10-30 07:37:00-04:00,1,7,30.584,0.000123830892303
2017-10-30 07:38:00-04:00,1,7,30.584,0.000247661784606
2017-10-30 07:39:00-04:00,1,7,30.584,0.000371492676909
2017-10-30 07:40:00-04:00,1,7,30.584,0.000495323569212
2017-10-30 07:41:00-04:00,1,7,30.689,0.000619154461514
2017-10-30 07:42:00-04:00,1,7,30.689,0.000742985353817
2017-10-30 07:43:00-04:00,1,7,30.689,0.000963118834962
2017-10-30 07:44:00-04:00,1,7,30.689,0.00118325231611
2017-10-30 07:45:00-04:00,1,7,30.689,0.00140338579725
2017-10-30 07:46:00-04:00,1,7,30.836,0.0016235192784
2017-10-30 07:47:00-04:00,1,7,30.836,0.00184365275954
2017-10-30 07:48:00-04:00,1,7,30.836,0.00206378624069
2017-10-30 07:49:00-04:00,1,7,30.836,0.00239370055346
2017-10-30 07:50:00-04:00,1,7,30.836,0.00272361486624
2017-10-30 07:51:00-04:00,1,7,31.01,0.00305352917902
2017-10-30 07:52:00-04:00,1,7,31.01,0.00338344349179
2017-10-30 07:53:00-04:00,1,7,31.01,0.00371335780457
2017-10-30 07:54:00-04:00,1,7,31.01,0.00404327211735
2017-10-30 07:55:00-04:00,1,7,31.01,0.00470207181244
2017-10-30 07:56:00-04:00,1,7,31.187,0.00536087150753
2017-10-30 07:57:00-04:00,1,7,31.187,0.00601967120263
2017-10-30 07:58:00-04:00,1,7,31.187,0.00667847089772
2017-10-30 07:59:00-04:00,1,7,31.187,0.00733727059281
2017-10-30 08:00:00-04:00,1,8,31.187,0.0079960702879
2017-10-30 08:01:00-04:00,1,8,31.338,0.00887233591219
2017-10-30 08:02:00-04:00,1,8,31.338,0.00974860153647
2017-10-30 08:03:00-04:00,1,8,31.338,0.0106248671608
2017-10-30 08:04:00-04:00,1,8,31.338,0.011501132785
2017-10-30 08:05:00-04:00,1,8,31.338,0.0123773984093
2017-10-30 08:06:00-04:00,1,8,31.44,0.0132536640336
2017-10-30 08:07:00-04:00,1,8,31.44,0.0147125741504
2017-10-30 08:08:00-04:00,1,8,31.44,0.0161714842673
2017-10-30 08:09:00-04:00,1,8,31.44,0.0176303943841
2017-10-30 08:10:00-04:00,1,8,31.44,0.019089304501
2017-10-30 08:11:00-04:00,1,8,31.489,0.0205482146178
2017-10-30 08:12:00-04:00,1,8,31.489,0.0220071247347
2017-10-30 08:13:00-04:00,1,8,31.489,0.0233615500766
2017-10-30 08:14:00-04:00,1,8,31.489,0.0247159754186
2017-10-30 08:15:00-04:00,1,8,31.489,0.0260704007606
2017-10-30 08:16:00-04:00,1,8,31.499,0.0274248261026
2017-10-30 08:17:00-04:00,1,8,31.499,0.0287792514446
2017-10-30 08:18:00-04:00,1,8,31.499,0.0301336767866
2017-10-30 08:19:00-04:00,1,8,31.499,0.0314630337418
2017-10-30 08:20:00-04:00,1,8,31.499,0.032792390697
2017-10-30 08:21:00-04:00,1,8,31.499,0.0341217476522
2017-10-30 08:22:00-04:00,1,8,31.499,0.0354511046074
2017-10-30 08:23:00-04:00,1,8,31.499,0.0367804615626
2017-10-30 08:24:00-04:00,1,8,31.499,0.0381098185177
2017-10-30 08:25:00-04:00,1,8,31.499,0.0398084328154
2017-10-30 08:26:00-04:00,1,8,31.52,0.0415070471131
2017-10-30 08:27:00-04:00,1,8,31.52,0.0432056614108
2017-10-30 08:28:00-04:00,1,8,31.52,0.0449042757084
2017-10-30 08:29:00-04:00,1,8,31.52,0.0466028900061
2017-10-30 08:30:00-04:00,1,8,31.52,0.0483015043038
2017-10-30 08:31:00-04:00,1,8,31.585,0.050555321538
2017-10-30 08:32:00-04:00,1,8,31.585,0.0528091387722
2017-10-30 08:33:00-04:00,1,8,31.585,0.0550629560065
2017-10-30 08:34:00-04:00,1,8,31.585,0.0573167732407
2017-10-30 08:35:00-04:00,1,8,31.585,0.059570590475
2017-10-30 08:36:00-04:00,1,8,31.696,0.0618244077092
2017-10-30 08:37:00-04:00,1,8,31.696,0.063394777532
2017-10-30 08:38:00-04:00,1,8,31.696,0.0649651473548
2017-10-30 08:39:00-04:00,1,8,31.696,0.0665355171776
2017-10-30 08:40:00-04:00,1,8,31.696,0.0681058870004
2017-10-30 08:41:00-04:00,1,8,31.838,0.0696762568233
2017-10-30 08:42:00-04:00,1,8,31.838,0.0712466266461
2017-10-30 08:43:00-04:00,1,8,31.838,0.0731972946713
2017-10-30 08:44:00-04:00,1,8,31.838,0.0751479626966
2017-10-30 08:45:00-04:00,1,8,31.838,0.0770986307218
2017-10-30 08:46:00-04:00,1,8,31.983,0.0790492987471
2017-10-30 08:47:00-04:00,1,8,31.983,0.0809999667723
2017-10-30 08:48:00-04:00,1,8,31.983,0.0829506347976
2017-10-30 08:49:00-04:00,1,8,31.983,0.0853071555179
2017-10-30 08:50:00-04:00,1,8,31.983,0.0876636762383
2017-10-30 08:51:00-04:00,1,8,32.103,0.0900201969586
2017-10-30 08:52:00-04:00,1,8,32.103,0.092376717679
2017-10-30 08:53:00-04:00,1,8,32.103,0.0947332383993
2017-10-30 08:54:00-04:00,1,8,32.103,0.0970897591197
2017-10-30 08:55:00-04:00,1,8,32.103,0.0993101984117
2017-10-30 08:56:00-04:00,1,8,32.185,0.101530637704
2017-10-30 08:57:00-04:00,1,8,32.185,0.103751076996
2017-10-30 08:58:00-04:00,1,8,32.185,0.105971516288
2017-10-30 08:59:00-04:00,1,8,32.185,0.10819195558
2017-10-30 09:00:00-04:00,1,9,32.185,0.110412394872
2017-10-30 09:01:00-04:00,1,9,32.229,0.113045301503
2017-10-30 09:02:00-04:00,1,9,32.229,0.115678208134
2017-10-30 09:03:00-04:00,1,9,32.229,0.118311114765
2017-10-30 09:04:00-04:00,1,9,32.229,0.120944021396
2017-10-30 09:05:00-04:00,1,9,32.229,0.123576928026
2017-10-30 09:06:00-04:00,1,9,32.254,0.126209834657
2017-10-30 09:07:00-04:00,1,9,32.254,0.128104852071
2017-10-30 09:08:00-04:00,1,9,32.254,0.129999869485
2017-10-30 09:09:00-04:00,1,9,32.254,0.131894886899
2017-10-30 09:10:00-04:00,1,9,32.254,0.133789904312
2017-10-30 09:11:00-04:00,1,9,32.285,0.135684921726
2017-10-30 09:12:00-04:00,1,9,32.285,0.13757993914
2017-10-30 09:13:00-04:00,1,9,32.285,0.139871397429
2017-10-30 09:14:00-04:00,1,9,32.285,0.142162855717
2017-10-30 09:15:00-04:00,1,9,32.285,0.144454314006
2017-10-30 09:16:00-04:00,1,9,32.342,0.146745772294
2017-10-30 09:17:00-04:00,1,9,32.342,0.149037230583
2017-10-30 09:18:00-04:00,1,9,32.342,0.151328688872
2017-10-30 09:19:00-04:00,1,9,32.342,0.153126632443
2017-10-30 09:20:00-04:00,1,9,32.342,0.154924576014
2017-10-30 09:21:00-04:00,1,9,32.433,0.156722519585
2017-10-30 09:22:00-04:00,1,9,32.433,0.158520463156
2017-10-30 09:23:00-04:00,1,9,32.433,0.160318406727
2017-10-30 09:24:00-04:00,1,9,32.433,0.162116350298
2017-10-30 09:25:00-04:00,1,9,32.433,0.164210513908
2017-10-30 09:26:00-04:00,1,9,32.552,0.166304677519
2017-10-30 09:27:00-04:00,1,9,32.552,0.16839884113
2017-10-30 09:28:00-04:00,1,9,32.552,0.17049300474
2017-10-30 09:29:00-04:00,1,9,32.552,0.172587168351
2017-10-30 09:30:00-04:00,1,9,32.552,0.174681331962
2017-10-30 09:31:00-04:00,1,9,32.686,0.176564290184
2017-10-30 09:32:00-04:00,1,9,32.686,0.178447248407
2017-10-30 09:33:00-04:00,1,9,32.686,0.18033020663
2017-10-30 09:34:00-04:00,1,9,32.686,0.182213164853
2017-10-30 09:35:00-04:00,1,9,32.686,0.184096123075
2017-10-30 09:36:00-04:00,1,9,32.818,0.185979081298
2017-10-30 09:37:00-04:00,1,9,32.818,0.187853162038
2017-10-30 09:38:00-04:00,1,9,32.818,0.189727242777
2017-10-30 09:39:00-04:00,1,9,32.818,0.191601323517
2017-10-30 09:40:00-04:00,1,9,32.818,0.193475404256
2017-10-30 09:41:00-04:00,1,9,32.938,0.195349484996
2017-10-30 09:42:00-04:00,1,9,32.938,0.197223565736
2017-10-30 09:43:00-04:00,1,9,32.938,0.199405867566
2017-10-30 09:44:00-04:00,1,9,32.938,0.201588169397
2017-10-30 09:45:00-04:00,1,9,32.938,0.203770471227
2017-10-30 09:46:00-04:00,1,9,33.045,0.205952773058
2017-10-30 09:47:00-04:00,1,9,33.045,0.208135074888
2017-10-30 09:48:00-04:00,1,9,33.045,0.210317376719
2017-10-30 09:49:00-04:00,1,9,33.045,0.21163960093
2017-10-30 09:50:00-04:00,1,9,33.045,0.212961825141
2017-10-30 09:51:00-04:00,1,9,33.141,0.214284049351
2017-10-30 09:52:00-04:00,1,9,33.141,0.215606273562
2017-10-30 09:53:00-04:00,1,9,33.141,0.216928497773
2017-10-30 09:54:00-04:00,1,9,33.141,0.218250721984
2017-10-30 09:55:00-04:00,1,9,33.141,0.219877171138
2017-10-30 09:56:00-04:00,1,9,33.227,0.221503620292
2017-10-30 09:57:00-04:00,1,9,33.227,0.223130069446
2017-10-30 09:58:00-04:00,1,9,33.227,0.2247565186
2017-10-30 09:59:00-04:00,1,9,33.227,0.226382967754
2017-10-30 10:00:00-04:00,1,10,33.227,0.228009416908
2017-10-30 10:01:00-04:00,1,10,33.3,0.229948112756
2017-10-30 10:02:00-04:00,1,10,33.3,0.231886808603
2017-10-30 10:03:00-04:00,1,10,33.3,0.23382550445
2017-10-30 10:04:00-04:00,1,10,33.3,0.235764200298
2017-10-30 10:05:00-04:00,1,10,33.3,0.237702896145
2017-10-30 10:06:00-04:00,1,10,33.352,0.239641591993
2017-10-30 10:07:00-04:00,1,10,33.352,0.241460535127
2017-10-30 10:08:00-04:00,1,10,33.352,0.243279478262
2017-10-30 10:09:00-04:00,1,10,33.352,0.245098421397
2017-10-30 10:10:00-04:00,1,10,33.352,0.246917364531
2017-10-30 10:11:00-04:00,1,10,33.371,0.248736307666
2017-10-30 10:12:00-04:00,1,10,33.371,0.2505552508
2017-10-30 10:13:00-04:00,1,10,33.371,0.25214603507
2017-10-30 10:14:00-04:00,1,10,33.371,0.25373681934
2017-10-30 10:15:00-04:00,1,10,33.371,0.25532760361
2017-10-30 10:16:00-04:00,1,10,33.351,0.25691838788
2017-10-30 10:17:00-04:00,1,10,33.351,0.25850917215
2017-10-30 10:18:00-04:00,1,10,33.351,0.26009995642
2017-10-30 10:19:00-04:00,1,10,33.351,0.261894983153
2017-10-30 10:20:00-04:00,1,10,33.351,0.263690009886
2017-10-30 10:21:00-04:00,1,10,33.299,0.26548503662
2017-10-30 10:22:00-04:00,1,10,33.299,0.267280063353
2017-10-30 10:23:00-04:00,1,10,33.299,0.269075090086
2017-10-30 10:24:00-04:00,1,10,33.299,0.27087011682
2017-10-30 10:25:00-04:00,1,10,33.299,0.27222148435
2017-10-30 10:26:00-04:00,1,10,33.235,0.27357285188
2017-10-30 10:27:00-04:00,1,10,33.235,0.274924219411
2017-10-30 10:28:00-04:00,1,10,33.235,0.276275586941
2017-10-30 10:29:00-04:00,1,10,33.235,0.277626954471
2017-10-30 10:30:00-04:00,1,10,33.235,0.278978322002
2017-10-30 10:31:00-04:00,1,10,33.189,0.279992158368
2017-10-30 10:32:00-04:00,1,10,33.189,0.281005994734
2017-10-30 10:33:00-04:00,1,10,33.189,0.2820198311
2017-10-30 10:34:00-04:00,1,10,33.189,0.283033667467
2017-10-30 10:35:00-04:00,1,10,33.189,0.284047503833
2017-10-30 10:36:00-04:00,1,10,33.187,0.285061340199
2017-10-30 10:37:00-04:00,1,10,33.187,0.286062884676
2017-10-30 10:38:00-04:00,1,10,33.187,0.287064429153
2017-10-30 10:39:00-04:00,1,10,33.187,0.28806597363
2017-10-30 10:40:00-04:00,1,10,33.187,0.289067518106
2017-10-30 10:41:00-04:00,1,10,33.244,0.290069062583
2017-10-30 10:42:00-04:00,1,10,33.244,0.29107060706
2017-10-30 10:43:00-04:00,1,10,33.244,0.292172374642
2017-10-30 10:44:00-04:00,1,10,33.244,0.293274142223
2017-10-30 10:45:00-04:00,1,10,33.244,0.294375909805
2017-10-30 10:46:00-04:00,1,10,33.359,0.295477677386
2017-10-30 10:47:00-04:00,1,10,33.359,0.296579444968
2017-10-30 10:48:00-04:00,1,10,33.359,0.297681212549
2017-10-30 10:49:00-04:00,1,10,33.359,0.299215351961
2017-10-30 10:50:00-04:00,1,10,33.359,0.300749491373
2017-10-30 10:51:00-04:00,1,10,33.508,0.302283630785
2017-10-30 10:52:00-04:00,1,10,33.508,0.303817770196
2017-10-30 10:53:00-04:00,1,10,33.508,0.305351909608
2017-10-30 10:54:00-04:00,1,10,33.508,0.30688604902
2017-10-30 10:55:00-04:00,1,10,33.508,0.307865101352
2017-10-30 10:56:00-04:00,1,10,33.66,0.308844153683
2017-10-30 10:57:00-04:00,1,10,33.66,0.309823206014
2017-10-30 10:58:00-04:00,1,10,33.66,0.310802258346
2017-10-30 10:59:00-04:00,1,10,33.66,0.311781310677
2017-10-30 11:00:00-04:00,1,11,33.66,0.312760363009
2017-10-30 11:01:00-04:00,1,11,33.781,0.314282170841
2017-10-30 11:02:00-04:00,1,11,33.781,0.315803978673
2017-10-30 11:03:00-04:00,1,11,33.781,0.317325786505
2017-10-30 11:04:00-04:00,1,11,33.781,0.318847594336
2017-10-30 11:05:00-04:00,1,11,33.781,0.320369402168
2017-10-30 11:06:00-04:00,1,11,33.85,0.32189121
2017-10-30 11:07:00-04:00,1,11,33.85,0.322642377832
2017-10-30 11:08:00-04:00,1,11,33.85,0.323393545663
2017-10-30 11:09:00-04:00,1,11,33.85,0.324144713495
2017-10-30 11:10:00-04:00,1,11,33.85,0.324895881326
2017-10-30 11:11:00-04:00,1,11,33.862,0.325647049158
2017-10-30 11:12:00-04:00,1,11,33.862,0.326398216989
2017-10-30 11:13:00-04:00,1,11,33.862,0.32736503433
2017-10-30 11:14:00-04:00,1,11,33.862,0.328331851671
2017-10-30 11:15:00-04:00,1,11,33.862,0.329298669012
2017-10-30 11:16:00-04:00,1,11,33.834,0.330265486353
2017-10-30 11:17:00-04:00,1,11,33.834,0.331232303693
2017-10-30 11:18:00-04:00,1,11,33.834,0.332199121034
2017-10-30 11:19:00-04:00,1,11,33.834,0.333382662159
2017-10-30 11:20:00-04:00,1,11,33.834,0.334566203283
2017-10-30 11:21:00-04:00,1,11,33.789,0.335749744408
2017-10-30 11:22:00-04:00,1,11,33.789,0.336933285532
2017-10-30 11:23:00-04:00,1,11,33.789,0.338116826657
2017-10-30 11:24:00-04:00,1,11,33.789,0.339300367782
2017-10-30 11:25:00-04:00,1,11,33.789,0.339826017825
2017-10-30 11:26:00-04:00,1,11,33.756,0.340351667869
2017-10-30 11:27:00-04:00,1,11,33.756,0.340877317912
2017-10-30 11:28:00-04:00,1,11,33.756,0.341402967956
2017-10-30 11:29:00-04:00,1,11,33.756,0.341928617999
2017-10-30 11:30:00-04:00,1,11,33.756,0.342454268043
2017-10-30 11:31:00-04:00,1,11,33.753,0.3435271483
2017-10-30 11:32:00-04:00,1,11,33.753,0.344600028558
2017-10-30 11:33:00-04:00,1,11,33.753,0.345672908815
2017-10-30 11:34:00-04:00,1,11,33.753,0.346745789073
2017-10-30 11:35:00-04:00,1,11,33.753,0.34781866933
2017-10-30 11:36:00-04:00,1,11,33.788,0.348891549587
2017-10-30 11:37:00-04:00,1,11,33.788,0.34930814435
2017-10-30 11:38:00-04:00,1,11,33.788,0.349724739113
2017-10-30 11:39:00-04:00,1,11,33.788,0.350141333876
2017-10-30 11:40:00-04:00,1,11,33.788,0.350557928639
2017-10-30 11:41:00-04:00,1,11,33.856,0.350974523402
2017-10-30 11:42:00-04:00,1,11,33.856,0.351391118165
2017-10-30 11:43:00-04:00,1,11,33.856,0.352248492975
2017-10-30 11:44:00-04:00,1,11,33.856,0.353105867784
2017-10-30 11:45:00-04:00,1,11,33.856,0.353963242594
2017-10-30 11:46:00-04:00,1,11,33.942,0.354820617403
2017-10-30 11:47:00-04:00,1,11,33.942,0.355677992212
2017-10-30 11:48:00-04:00,1,11,33.942,0.356535367022
2017-10-30 11:49:00-04:00,1,11,33.942,0.357392741831
2017-10-30 11:50:00-04:00,1,11,33.942,0.35825011664
2017-10-30 11:51:00-04:00,1,11,34.028,0.35910749145
2017-10-30 11:52:00-04:00,1,11,34.028,0.359964866259
2017-10-30 11:53:00-04:00,1,11,34.028,0.360822241069
2017-10-30 11:54:00-04:00,1,11,34.028,0.361679615878
2017-10-30 11:55:00-04:00,1,11,34.028,0.362213057982
2017-10-30 11:56:00-04:00,1,11,34.096,0.362746500086
2017-10-30 11:57:00-04:00,1,11,34.096,0.36327994219
2017-10-30 11:58:00-04:00,1,11,34.096,0.363813384294
2017-10-30 11:59:00-04:00,1,11,34.096,0.364346826398
2017-10-30 12:00:00-04:00,1,12,34.096,0.364880268502
2017-10-30 12:01:00-04:00,1,12,34.133,0.365635724125
2017-10-30 12:02:00-04:00,1,12,34.133,0.366391179748
2017-10-30 12:03:00-04:00,1,12,34.133,0.367146635371
2017-10-30 12:04:00-04:00,1,12,34.133,0.367902090994
2017-10-30 12:05:00-04:00,1,12,34.133,0.368657546617
2017-10-30 12:06:00-04:00,1,12,34.131,0.36941300224
2017-10-30 12:07:00-04:00,1,12,34.131,0.369845432695
2017-10-30 12:08:00-04:00,1,12,34.131,0.37027786315
2017-10-30 12:09:00-04:00,1,12,34.131,0.370710293606
2017-10-30 12:10:00-04:00,1,12,34.131,0.371142724061
2017-10-30 12:11:00-04:00,1,12,34.091,0.371575154516
2017-10-30 12:12:00-04:00,1,12,34.091,0.372007584971
2017-10-30 12:13:00-04:00,1,12,34.091,0.372335748354
2017-10-30 12:14:00-04:00,1,12,34.091,0.372663911737
2017-10-30 12:15:00-04:00,1,12,34.091,0.37299207512
2017-10-30 12:16:00-04:00,1,12,34.02,0.373320238503
2017-10-30 12:17:00-04:00,1,12,34.02,0.373648401886
2017-10-30 12:18:00-04:00,1,12,34.02,0.373976565269
2017-10-30 12:19:00-04:00,1,12,34.02,0.374528341345
2017-10-30 12:20:00-04:00,1,12,34.02,0.375080117421
2017-10-30 12:21:00-04:00,1,12,33.933,0.375631893497
2017-10-30 12:22:00-04:00,1,12,33.933,0.376183669573
2017-10-30 12:23:00-04:00,1,12,33.933,0.376735445649
2017-10-30 12:24:00-04:00,1,12,33.933,0.377287221725
2017-10-30 12:25:00-04:00,1,12,33.933,0.377735585216
2017-10-30 12:26:00-04:00,1,12,33.851,0.378183948707
2017-10-30 12:27:00-04:00,1,12,33.851,0.378632312198
2017-10-30 12:28:00-04:00,1,12,33.851,0.379080675689
2017-10-30 12:29:00-04:00,1,12,33.851,0.37952903918
2017-10-30 12:30:00-04:00,1,12,33.851,0.37997740267
2017-10-30 12:31:00-04:00,1,12,33.797,0.379995925444
2017-10-30 12:32:00-04:00,1,12,33.797,0.380014448218
2017-10-30 12:33:00-04:00,1,12,33.797,0.380032970991
2017-10-30 12:34:00-04:00,1,12,33.797,0.380051493765
2017-10-30 12:35:00-04:00,1,12,33.797,0.380070016538
2017-10-30 12:36:00-04:00,1,12,33.788,0.380088539312
2017-10-30 12:37:00-04:00,1,12,33.788,0.380331611797
2017-10-30 12:38:00-04:00,1,12,33.788,0.380574684282
2017-10-30 12:39:00-04:00,1,12,33.788,0.380817756767
2017-10-30 12:40:00-04:00,1,12,33.788,0.381060829252
2017-10-30 12:41:00-04:00,1,12,33.832,0.381303901737
2017-10-30 12:42:00-04:00,1,12,33.832,0.381546974222
2017-10-30 12:43:00-04:00,1,12,33.832,0.38168763091
2017-10-30 12:44:00-04:00,1,12,33.832,0.381828287598
2017-10-30 12:45:00-04:00,1,12,33.832,0.381968944286
2017-10-30 12:46:00-04:00,1,12,33.925,0.382109600973
2017-10-30 12:47:00-04:00,1,12,33.925,0.382250257661
2017-10-30 12:48:00-04:00,1,12,33.925,0.382390914349
2017-10-30 12:49:00-04:00,1,12,33.925,0.382429196481
2017-10-30 12:50:00-04:00,1,12,33.925,0.382467478612
2017-10-30 12:51:00-04:00,1,12,34.049,0.382505760744
2017-10-30 12:52:00-04:00,1,12,34.049,0.382544042876
2017-10-30 12:53:00-04:00,1,12,34.049,0.382582325008
2017-10-30 12:54:00-04:00,1,12,34.049,0.38262060714
2017-10-30 12:55:00-04:00,1,12,34.049,0.382665979193
2017-10-30 12:56:00-04:00,1,12,34.18,0.382711351246
2017-10-30 12:57:00-04:00,1,12,34.18,0.382756723298
2017-10-30 12:58:00-04:00,1,12,34.18,0.382802095351
2017-10-30 12:59:00-04:00,1,12,34.18,0.382847467404
2017-10-30 13:00:00-04:00,1,13,34.18,0.382892839457
2017-10-30 13:01:00-04:00,1,13,34.294,0.382945463813
2017-10-30 13:02:00-04:00,1,13,34.294,0.382998088169
2017-10-30 13:03:00-04:00,1,13,34.294,0.383050712526
2017-10-30 13:04:00-04:00,1,13,34.294,0.383103336882
2017-10-30 13:05:00-04:00,1,13,34.294,0.383155961238
2017-10-30 13:06:00-04:00,1,13,34.372,0.383208585594
2017-10-30 13:07:00-04:00,1,13,34.372,0.383158861249
2017-10-30 13:08:00-04:00,1,13,34.372,0.383109136903
2017-10-30 13:09:00-04:00,1,13,34.372,0.383059412558
2017-10-30 13:10:00-04:00,1,13,34.372,0.383009688213
2017-10-30 13:11:00-04:00,1,13,34.404,0.382959963867
2017-10-30 13:12:00-04:00,1,13,34.404,0.382910239522
2017-10-30 13:13:00-04:00,1,13,34.404,0.382757895176
2017-10-30 13:14:00-04:00,1,13,34.404,0.382605550829
2017-10-30 13:15:00-04:00,1,13,34.404,0.382453206483
2017-10-30 13:16:00-04:00,1,13,34.392,0.382300862136
2017-10-30 13:17:00-04:00,1,13,34.392,0.382148517789
2017-10-30 13:18:00-04:00,1,13,34.392,0.381996173443
2017-10-30 13:19:00-04:00,1,13,34.392,0.381630581318
2017-10-30 13:20:00-04:00,1,13,34.392,0.381264989193
2017-10-30 13:21:00-04:00,1,13,34.344,0.380899397068
2017-10-30 13:22:00-04:00,1,13,34.344,0.380533804943
2017-10-30 13:23:00-04:00,1,13,34.344,0.380168212818
2017-10-30 13:24:00-04:00,1,13,34.344,0.379802620693
2017-10-30 13:25:00-04:00,1,13,34.344,0.37977420896
2017-10-30 13:26:00-04:00,1,13,34.273,0.379745797227
2017-10-30 13:27:00-04:00,1,13,34.273,0.379717385494
2017-10-30 13:28:00-04:00,1,13,34.273,0.379688973761
2017-10-30 13:29:00-04:00,1,13,34.273,0.379660562028
2017-10-30 13:30:00-04:00,1,13,34.273,0.379632150295
2017-10-30 13:31:00-04:00,1,13,34.194,0.379500245079
2017-10-30 13:32:00-04:00,1,13,34.194,0.379368339863
2017-10-30 13:33:00-04:00,1,13,34.194,0.379236434646
2017-10-30 13:34:00-04:00,1,13,34.194,0.37910452943
2017-10-30 13:35:00-04:00,1,13,34.194,0.378972624214
2017-10-30 13:36:00-04:00,1,13,34.123,0.378840718998
2017-10-30 13:37:00-04:00,1,13,34.123,0.378384297475
2017-10-30 13:38:00-04:00,1,13,34.123,0.377927875953
2017-10-30 13:39:00-04:00,1,13,34.123,0.37747145443
2017-10-30 13:40:00-04:00,1,13,34.123,0.377015032907
2017-10-30 13:41:00-04:00,1,13,34.075,0.376558611385
2017-10-30 13:42:00-04:00,1,13,34.075,0.376102189862
2017-10-30 13:43:00-04:00,1,13,34.075,0.375540238497
2017-10-30 13:44:00-04:00,1,13,34.075,0.374978287132
2017-10-30 13:45:00-04:00,1,13,34.075,0.374416335766
2017-10-30 13:46:00-04:00,1,13,34.063,0.373854384401
2017-10-30 13:47:00-04:00,1,13,34.063,0.373292433036
2017-10-30 13:48:00-04:00,1,13,34.063,0.37273048167
2017-10-30 13:49:00-04:00,1,13,34.063,0.372284313585
2017-10-30 13:50:00-04:00,1,13,34.063,0.371838145499
2017-10-30 13:51:00-04:00,1,13,34.091,0.371391977413
2017-10-30 13:52:00-04:00,1,13,34.091,0.370945809327
2017-10-30 13:53:00-04:00,1,13,34.091,0.370499641242
2017-10-30 13:54:00-04:00,1,13,34.091,0.370053473156
2017-10-30 13:55:00-04:00,1,13,34.091,0.369612249001
2017-10-30 13:56:00-04:00,1,13,34.155,0.369171024846
2017-10-30 13:57:00-04:00,1,13,34.155,0.36872980069
2017-10-30 13:58:00-04:00,1,13,34.155,0.368288576535
2017-10-30 13:59:00-04:00,1,13,34.155,0.36784735238
2017-10-30 14:00:00-04:00,1,14,34.155,0.367406128224
2017-10-30 14:01:00-04:00,1,14,34.239,0.3668579596
2017-10-30 14:02:00-04:00,1,14,34.239,0.366309790976
2017-10-30 14:03:00-04:00,1,14,34.239,0.365761622351
2017-10-30 14:04:00-04:00,1,14,34.239,0.365213453727
2017-10-30 14:05:00-04:00,1,14,34.239,0.364665285102
2017-10-30 14:06:00-04:00,1,14,34.323,0.364117116478
2017-10-30 14:07:00-04:00,1,14,34.323,0.363460897441
2017-10-30 14:08:00-04:00,1,14,34.323,0.362804678404
2017-10-30 14:09:00-04:00,1,14,34.323,0.362148459367
2017-10-30 14:10:00-04:00,1,14,34.323,0.36149224033
2017-10-30 14:11:00-04:00,1,14,34.388,0.360836021293
2017-10-30 14:12:00-04:00,1,14,34.388,0.360179802256
2017-10-30 14:13:00-04:00,1,14,34.388,0.35952638088
2017-10-30 14:14:00-04:00,1,14,34.388,0.358872959504
2017-10-30 14:15:00-04:00,1,14,34.388,0.358219538128
2017-10-30 14:16:00-04:00,1,14,34.424,0.357566116753
2017-10-30 14:17:00-04:00,1,14,34.424,0.356912695377
2017-10-30 14:18:00-04:00,1,14,34.424,0.356259274001
2017-10-30 14:19:00-04:00,1,14,34.424,0.355495795246
2017-10-30 14:20:00-04:00,1,14,34.424,0.35473231649
2017-10-30 14:21:00-04:00,1,14,34.44,0.353968837734
2017-10-30 14:22:00-04:00,1,14,34.44,0.353205358979
2017-10-30 14:23:00-04:00,1,14,34.44,0.352441880223
2017-10-30 14:24:00-04:00,1,14,34.44,0.351678401467
2017-10-30 14:25:00-04:00,1,14,34.44,0.350803375265
2017-10-30 14:26:00-04:00,1,14,34.458,0.349928349062
2017-10-30 14:27:00-04:00,1,14,34.458,0.349053322859
2017-10-30 14:28:00-04:00,1,14,34.458,0.348178296656
2017-10-30 14:29:00-04:00,1,14,34.458,0.347303270453
2017-10-30 14:30:00-04:00,1,14,34.458,0.346428244251
2017-10-30 14:31:00-04:00,1,14,34.509,0.345553299448
2017-10-30 14:32:00-04:00,1,14,34.509,0.344678354645
2017-10-30 14:33:00-04:00,1,14,34.509,0.343803409843
2017-10-30 14:34:00-04:00,1,14,34.509,0.34292846504
2017-10-30 14:35:00-04:00,1,14,34.509,0.342053520238
2017-10-30 14:36:00-04:00,1,14,34.617,0.341178575435
2017-10-30 14:37:00-04:00,1,14,34.617,0.340303204859
2017-10-30 14:38:00-04:00,1,14,34.617,0.339427834283
2017-10-30 14:39:00-04:00,1,14,34.617,0.338552463706
2017-10-30 14:40:00-04:00,1,14,34.617,0.33767709313
2017-10-30 14:41:00-04:00,1,14,34.791,0.336801722553
2017-10-30 14:42:00-04:00,1,14,34.791,0.335926351977
2017-10-30 14:43:00-04:00,1,14,34.791,0.335277004635
2017-10-30 14:44:00-04:00,1,14,34.791,0.334627657294
2017-10-30 14:45:00-04:00,1,14,34.791,0.333978309952
2017-10-30 14:46:00-04:00,1,14,35.018,0.33332896261
2017-10-30 14:47:00-04:00,1,14,35.018,0.332679615269
2017-10-30 14:48:00-04:00,1,14,35.018,0.332030267927
2017-10-30 14:49:00-04:00,1,14,35.018,0.331038488612
2017-10-30 14:50:00-04:00,1,14,35.018,0.330046709297
2017-10-30 14:51:00-04:00,1,14,35.261,0.329054929982
2017-10-30 14:52:00-04:00,1,14,35.261,0.328063150667
2017-10-30 14:53:00-04:00,1,14,35.261,0.327071371352
2017-10-30 14:54:00-04:00,1,14,35.261,0.326079592038
2017-10-30 14:55:00-04:00,1,14,35.261,0.324680482951
2017-10-30 14:56:00-04:00,1,14,35.476,0.323281373864
2017-10-30 14:57:00-04:00,1,14,35.476,0.321882264777
2017-10-30 14:58:00-04:00,1,14,35.476,0.320483155691
2017-10-30 14:59:00-04:00,1,14,35.476,0.319084046604
2017-10-30 15:00:00-04:00,1,15,35.476,0.317684937517
2017-10-30 15:01:00-04:00,1,15,35.62,0.316285828431
2017-10-30 15:02:00-04:00,1,15,35.62,0.314886719344
2017-10-30 15:03:00-04:00,1,15,35.62,0.313487610257
2017-10-30 15:04:00-04:00,1,15,35.62,0.312088501171
2017-10-30 15:05:00-04:00,1,15,35.62,0.310689392084
2017-10-30 15:06:00-04:00,1,15,35.665,0.309290282997
2017-10-30 15:07:00-04:00,1,15,35.665,0.307933267482
2017-10-30 15:08:00-04:00,1,15,35.665,0.306576251967
2017-10-30 15:09:00-04:00,1,15,35.665,0.305219236452
2017-10-30 15:10:00-04:00,1,15,35.665,0.303862220937
2017-10-30 15:11:00-04:00,1,15,35.608,0.302505205422
2017-10-30 15:12:00-04:00,1,15,35.608,0.301148189907
2017-10-30 15:13:00-04:00,1,15,35.608,0.299791174392
2017-10-30 15:14:00-04:00,1,15,35.608,0.298434158878
2017-10-30 15:15:00-04:00,1,15,35.608,0.297077143363
2017-10-30 15:16:00-04:00,1,15,35.47,0.295720127848
2017-10-30 15:17:00-04:00,1,15,35.47,0.294363112333
2017-10-30 15:18:00-04:00,1,15,35.47,0.293006096818
2017-10-30 15:19:00-04:00,1,15,35.47,0.291755342882
2017-10-30 15:20:00-04:00,1,15,35.47,0.290504588947
2017-10-30 15:21:00-04:00,1,15,35.288,0.289253835011
2017-10-30 15:22:00-04:00,1,15,35.288,0.288003081076
2017-10-30 15:23:00-04:00,1,15,35.288,0.28675232714
2017-10-30 15:24:00-04:00,1,15,35.288,0.285501573205
2017-10-30 15:25:00-04:00,1,15,35.288,0.284006617345
2017-10-30 15:26:00-04:00,1,15,35.105,0.282511661484
2017-10-30 15:27:00-04:00,1,15,35.105,0.281016705624
2017-10-30 15:28:00-04:00,1,15,35.105,0.279521749764
2017-10-30 15:29:00-04:00,1,15,35.105,0.278026793904
2017-10-30 15:30:00-04:00,1,15,35.105,0.276531838044
2017-10-30 15:31:00-04:00,1,15,34.957,0.275384119897
2017-10-30 15:32:00-04:00,1,15,34.957,0.27423640175
2017-10-30 15:33:00-04:00,1,15,34.957,0.273088683602
2017-10-30 15:34:00-04:00,1,15,34.957,0.271940965455
2017-10-30 15:35:00-04:00,1,15,34.957,0.270793247308
2017-10-30 15:36:00-04:00,1,15,34.865,0.269645529161
2017-10-30 15:37:00-04:00,1,15,34.865,0.267287800945
2017-10-30 15:38:00-04:00,1,15,34.865,0.264930072729
2017-10-30 15:39:00-04:00,1,15,34.865,0.262572344513
2017-10-30 15:40:00-04:00,1,15,34.865,0.260214616296
2017-10-30 15:41:00-04:00,1,15,34.832,0.25785688808
2017-10-30 15:42:00-04:00,1,15,34.832,0.255499159864
2017-10-30 15:43:00-04:00,1,15,34.832,0.253971964637
2017-10-30 15:44:00-04:00,1,15,34.832,0.25244476941
2017-10-30 15:45:00-04:00,1,15,34.832,0.250917574183
2017-10-30 15:46:00-04:00,1,15,34.845,0.249390378956
2017-10-30 15:47:00-04:00,1,15,34.845,0.24786318373
2017-10-30 15:48:00-04:00,1,15,34.845,0.246335988503
2017-10-30 15:49:00-04:00,1,15,34.845,0.244305315079
2017-10-30 15:50:00-04:00,1,15,34.845,0.242274641655
2017-10-30 15:51:00-04:00,1,15,34.879,0.240243968231
2017-10-30 15:52:00-04:00,1,15,34.879,0.238213294808
2017-10-30 15:53:00-04:00,1,15,34.879,0.236182621384
2017-10-30 15:54:00-04:00,1,15,34.879,0.23415194796
2017-10-30 15:55:00-04:00,1,15,34.879,0.233101575197
2017-10-30 15:56:00-04:00,1,15,34.908,0.232051202433
2017-10-30 15:57:00-04:00,1,15,34.908,0.231000829669
2017-10-30 15:58:00-04:00,1,15,34.908,0.229950456905
2017-10-30 15:59:00-04:00,1,15,34.908,0.228900084141
2017-10-30 16:00:00-04:00,1,16,34.908,0.227849711377
2017-10-30 16:01:00-04:00,1,16,34.914,0.226050552811
2017-10-30 16:02:00-04:00,1,16,34.914,0.224251394245
2017-10-30 16:03:00-04:00,1,16,34.914,0.222452235678
2017-10-30 16:04:00-04:00,1,16,34.914,0.220653077112
2017-10-30 16:05:00-04:00,1,16,34.914,0.218853918546
2017-10-30 16:06:00-04:00,1,16,34.885,0.217054759979
2017-10-30 16:07:00-04:00,1,16,34.885,0.215735253821
2017-10-30 16:08:00-04:00,1,16,34.885,0.214415747664
2017-10-30 16:09:00-04:00,1,16,34.885,0.213096241506
2017-10-30 16:10:00-04:00,1,16,34.885,0.211776735348
2017-10-30 16:11:00-04:00,1,16,34.822,0.21045722919
2017-10-30 16:12:00-04:00,1,16,34.822,0.209137723032
2017-10-30 16:13:00-04:00,1,16,34.822,0.207321586996
2017-10-30 16:14:00-04:00,1,16,34.822,0.205505450959
2017-10-30 16:15:00-04:00,1,16,34.822,0.203689314922
2017-10-30 16:16:00-04:00,1,16,34.73,0.201873178885
2017-10-30 16:17:00-04:00,1,16,34.73,0.200057042848
2017-10-30 16:18:00-04:00,1,16,34.73,0.198240906811
2017-10-30 16:19:00-04:00,1,16,34.73,0.196167419898
2017-10-30 16:20:00-04:00,1,16,34.73,0.194093932985
2017-10-30 16:21:00-04:00,1,16,34.62,0.192020446072
2017-10-30 16:22:00-04:00,1,16,34.62,0.189946959159
2017-10-30 16:23:00-04:00,1,16,34.62,0.187873472246
2017-10-30 16:24:00-04:00,1,16,34.62,0.185799985333
2017-10-30 16:25:00-04:00,1,16,34.62,0.183589693641
2017-10-30 16:26:00-04:00,1,16,34.499,0.181379401949
2017-10-30 16:27:00-04:00,1,16,34.499,0.179169110257
2017-10-30 16:28:00-04:00,1,16,34.499,0.176958818565
2017-10-30 16:29:00-04:00,1,16,34.499,0.174748526873
2017-10-30 16:30:00-04:00,1,16,34.499,0.172538235182
2017-10-30 16:31:00-04:00,1,16,34.374,0.170437695188
2017-10-30 16:32:00-04:00,1,16,34.374,0.168337155195
2017-10-30 16:33:00-04:00,1,16,34.374,0.166236615201
2017-10-30 16:34:00-04:00,1,16,34.374,0.164136075208
2017-10-30 16:35:00-04:00,1,16,34.374,0.162035535214
2017-10-30 16:36:00-04:00,1,16,34.251,0.159934995221
2017-10-30 16:37:00-04:00,1,16,34.251,0.157698076301
2017-10-30 16:38:00-04:00,1,16,34.251,0.155461157381
2017-10-30 16:39:00-04:00,1,16,34.251,0.153224238461
2017-10-30 16:40:00-04:00,1,16,34.251,0.150987319541
2017-10-30 16:41:00-04:00,1,16,34.135,0.148750400621
2017-10-30 16:42:00-04:00,1,16,34.135,0.146513481701
2017-10-30 16:43:00-04:00,1,16,34.135,0.1440109514
2017-10-30 16:44:00-04:00,1,16,34.135,0.141508421099
2017-10-30 16:45:00-04:00,1,16,34.135,0.139005890799
2017-10-30 16:46:00-04:00,1,16,34.03,0.136503360498
2017-10-30 16:47:00-04:00,1,16,34.03,0.134000830197
2017-10-30 16:48:00-04:00,1,16,34.03,0.131498299896
2017-10-30 16:49:00-04:00,1,16,34.03,0.129235462388
2017-10-30 16:50:00-04:00,1,16,34.03,0.126972624879
2017-10-30 16:51:00-04:00,1,16,33.939,0.124709787371
2017-10-30 16:52:00-04:00,1,16,33.939,0.122446949863
2017-10-30 16:53:00-04:00,1,16,33.939,0.120184112355
2017-10-30 16:54:00-04:00,1,16,33.939,0.117921274846
2017-10-30 16:55:00-04:00,1,16,33.939,0.115517546633
2017-10-30 16:56:00-04:00,1,16,33.862,0.113113818419
2017-10-30 16:57:00-04:00,1,16,33.862,0.110710090206
2017-10-30 16:58:00-04:00,1,16,33.862,0.108306361993
2017-10-30 16:59:00-04:00,1,16,33.862,0.105902633779
2017-10-30 17:00:00-04:00,1,17,33.862,0.103498905566
2017-10-30 17:01:00-04:00,1,17,33.789,0.100948454831
2017-10-30 17:02:00-04:00,1,17,33.789,0.0983980040969
2017-10-30 17:03:00-04:00,1,17,33.789,0.0958475533624
2017-10-30 17:04:00-04:00,1,17,33.789,0.0932971026279
2017-10-30 17:05:00-04:00,1,17,33.789,0.0907466518934
2017-10-30 17:06:00-04:00,1,17,33.709,0.0881962011589
2017-10-30 17:07:00-04:00,1,17,33.709,0.085894665642
2017-10-30 17:08:00-04:00,1,17,33.709,0.0835931301252
2017-10-30 17:09:00-04:00,1,17,33.709,0.0812915946083
2017-10-30 17:10:00-04:00,1,17,33.709,0.0789900590914
2017-10-30 17:11:00-04:00,1,17,33.607,0.0766885235746
2017-10-30 17:12:00-04:00,1,17,33.607,0.0743869880577
2017-10-30 17:13:00-04:00,1,17,33.607,0.0718024093637
2017-10-30 17:14:00-04:00,1,17,33.607,0.0692178306696
2017-10-30 17:15:00-04:00,1,17,33.607,0.0666332519755
2017-10-30 17:16:00-04:00,1,17,33.472,0.0640486732815
2017-10-30 17:17:00-04:00,1,17,33.472,0.0614640945874
2017-10-30 17:18:00-04:00,1,17,33.472,0.0588795158933
2017-10-30 17:19:00-04:00,1,17,33.472,0.057363804947
2017-10-30 17:20:00-04:00,1,17,33.472,0.0558480940007
2017-10-30 17:21:00-04:00,1,17,33.3,0.0543323830544
2017-10-30 17:22:00-04:00,1,17,33.3,0.0528166721081
2017-10-30 17:23:00-04:00,1,17,33.3,0.0513009611617
2017-10-30 17:24:00-04:00,1,17,33.3,0.0497852502154
2017-10-30 17:25:00-04:00,1,17,33.3,0.048951554102
2017-10-30 17:26:00-04:00,1,17,33.099,0.0481178579885
2017-10-30 17:27:00-04:00,1,17,33.099,0.0472841618751
2017-10-30 17:28:00-04:00,1,17,33.099,0.0464504657616
2017-10-30 17:29:00-04:00,1,17,33.099,0.0456167696481
2017-10-30 17:30:00-04:00,1,17,33.099,0.0447830735347
2017-10-30 17:31:00-04:00,1,17,32.886,0.0428367252556
2017-10-30 17:32:00-04:00,1,17,32.886,0.0408903769764
2017-10-30 17:33:00-04:00,1,17,32.886,0.0389440286973
2017-10-30 17:34:00-04:00,1,17,32.886,0.0369976804182
2017-10-30 17:35:00-04:00,1,17,32.886,0.0350513321391
2017-10-30 17:36:00-04:00,1,17,32.68,0.0331049838599
2017-10-30 17:37:00-04:00,1,17,32.68,0.0302336512044
2017-10-30 17:38:00-04:00,1,17,32.68,0.0273623185489
2017-10-30 17:39:00-04:00,1,17,32.68,0.0244909858933
2017-10-30 17:40:00-04:00,1,17,32.68,0.0216196532378
2017-10-30 17:41:00-04:00,1,17,32.503,0.0187483205822
2017-10-30 17:42:00-04:00,1,17,32.503,0.0158769879267
2017-10-30 17:43:00-04:00,1,17,32.503,0.0146731682631
2017-10-30 17:44:00-04:00,1,17,32.503,0.0134693485995
2017-10-30 17:45:00-04:00,1,17,32.503,0.0122655289359
2017-10-30 17:46:00-04:00,1,17,32.368,0.0110617092723
2017-10-30 17:47:00-04:00,1,17,32.368,0.00985788960873
2017-10-30 17:48:00-04:00,1,17,32.368,0.00865406994514
2017-10-30 17:49:00-04:00,1,17,32.368,0.00832495583919
2017-10-30 17:50:00-04:00,1,17,32.368,0.00799584173323
2017-10-30 17:51:00-04:00,1,17,32.281,0.00766672762728
2017-10-30 17:52:00-04:00,1,17,32.281,0.00733761352132
2017-10-30 17:53:00-04:00,1,17,32.281,0.00700849941537
2017-10-30 17:54:00-04:00,1,17,32.281,0.00667938530942
2017-10-30 17:55:00-04:00,1,17,32.281,0.00640474254957
2017-10-30 17:56:00-04:00,1,17,32.237,0.00613009978973
2017-10-30 17:57:00-04:00,1,17,32.237,0.00585545702989
2017-10-30 17:58:00-04:00,1,17,32.237,0.00558081427005
2017-10-30 17:59:00-04:00,1,17,32.237,0.00530617151021
2017-10-30 18:00:00-04:00,1,18,32.237,0.00503152875037
2017-10-30 18:01:00-04:00,1,18,32.223,0.00475688599052
2017-10-30 18:02:00-04:00,1,18,32.223,0.00448224323068
2017-10-30 18:03:00-04:00,1,18,32.223,0.00420760047084
2017-10-30 18:04:00-04:00,1,18,32.223,0.003932957711
2017-10-30 18:05:00-04:00,1,18,32.223,0.00365831495116
2017-10-30 18:06:00-04:00,1,18,32.223,0.00338367219132
2017-10-30 18:07:00-04:00,1,18,32.223,0.0029435577184
2017-10-30 18:08:00-04:00,1,18,32.223,0.00250344324548
2017-10-30 18:09:00-04:00,1,18,32.223,0.00206332877257
2017-10-30 18:10:00-04:00,1,18,32.223,0.00162321429965
2017-10-30 18:11:00-04:00,1,18,32.216,0.00118309982673
2017-10-30 18:12:00-04:00,1,18,32.216,0.000742985353817
2017-10-30 18:13:00-04:00,1,18,32.216,0.000619154461514
2017-10-30 18:14:00-04:00,1,18,32.216,0.000495323569212
2017-10-30 18:15:00-04:00,1,18,32.216,0.000371492676909
2017-10-30 18:16:00-04:00,1,18,32.186,0.000247661784606
2017-10-30 18:17:00-04:00,1,18,32.186,0.000123830892303
2017-10-30 18:18:00-04:00,1,18,32.186,0.0
2017-10-30 18:19:00-04:00,1,18,32.186,0.0
2017-10-30 18:20:00-04:00,1,18,32.186,0.0
2017-10-30 18:21:00-04:00,1,18,32.122,0.0
2017-10-30 18:22:00-04:00,1,18,32.122,0.0
2017-10-30 18:23:00-04:00,1,18,32.122,0.0
2017-10-30 18:24:00-04:00,1,18,32.122,0.0
2017-10-30 18:25:00-04:00,1,18,32.122,0.0
2017-10-30 18:26:00-04:00,1,18,32.021,0.0
2017-10-30 18:27:00-04:00,1,18,32.021,0.0
2017-10-30 18:28:00-04:00,1,18,32.021,0.0
2017-10-30 18:29:00-04:00,1,18,32.021,0.0
2017-10-30 18:30:00-04:00,1,18,32.021,0.0
2017-10-30 18:31:00-04:00,1,18,31.889,0.0
2017-10-30 18:32:00-04:00,1,18,31.889,0.0
2017-10-30 18:33:00-04:00,1,18,31.889,0.0
2017-10-30 18:34:00-04:00,1,18,31.889,0.0
2017-10-30 18:35:00-04:00,1,18,31.889,0.0
2017-10-30 18:36:00-04:00,1,18,31.739,0.0
2017-10-30 18:37:00-04:00,1,18,31.739,0.0
2017-10-30 18:38:00-04:00,1,18,31.739,0.0
2017-10-30 18:39:00-04:00,1,18,31.739,0.0
2017-10-30 18:40:00-04:00,1,18,31.739,0.0
2017-10-30 18:41:00-04:00,1,18,31.589,0.0
2017-10-30 18:42:00-04:00,1,18,31.589,0.0
2017-10-30 18:43:00-04:00,1,18,31.589,0.0
2017-10-30 18:44:00-04:00,1,18,31.589,0.0
2017-10-30 18:45:00-04:00,1,18,31.589,0.0
2017-10-30 18:46:00-04:00,1,18,31.455,0.0
2017-10-30 18:47:00-04:00,1,18,31.455,0.0
2017-10-30 18:48:00-04:00,1,18,31.455,0.0
2017-10-30 18:49:00-04:00,1,18,31.455,0.0
2017-10-30 18:50:00-04:00,1,18,31.455,0.0
2017-10-30 18:51:00-04:00,1,18,31.348,0.0
2017-10-30 18:52:00-04:00,1,18,31.348,0.0
2017-10-30 18:53:00-04:00,1,18,31.348,0.0
2017-10-30 18:54:00-04:00,1,18,31.348,0.0
2017-10-30 18:55:00-04:00,1,18,31.348,0.0
2017-10-30 18:56:00-04:00,1,18,31.273,0.0
2017-10-30 18:57:00-04:00,1,18,31.273,0.0
2017-10-30 18:58:00-04:00,1,18,31.273,0.0
2017-10-30 18:59:00-04:00,1,18,31.273,0.0
2017-10-30 19:00:00-04:00,1,19,31.273,0.0
2017-10-30 19:01:00-04:00,1,19,31.225,0.0
2017-10-30 19:02:00-04:00,1,19,31.225,0.0
2017-10-30 19:03:00-04:00,1,19,31.225,0.0
2017-10-30 19:04:00-04:00,1,19,31.225,0.0
2017-10-30 19:05:00-04:00,1,19,31.225,0.0
2017-10-30 19:06:00-04:00,1,19,31.196,0.0
2017-10-30 19:07:00-04:00,1,19,31.196,0.0
2017-10-30 19:08:00-04:00,1,19,31.196,0.0
2017-10-30 19:09:00-04:00,1,19,31.196,0.0
2017-10-30 19:10:00-04:00,1,19,31.196,0.0
2017-10-30 19:11:00-04:00,1,19,31.18,0.0
2017-10-30 19:12:00-04:00,1,19,31.18,0.0
2017-10-30 19:13:00-04:00,1,19,31.18,0.0
2017-10-30 19:14:00-04:00,1,19,31.18,0.0
2017-10-30 19:15:00-04:00,1,19,31.18,0.0
2017-10-30 19:16:00-04:00,1,19,31.169,0.0
2017-10-30 19:17:00-04:00,1,19,31.169,0.0
2017-10-30 19:18:00-04:00,1,19,31.169,0.0
2017-10-30 19:19:00-04:00,1,19,31.169,0.0
2017-10-30 19:20:00-04:00,1,19,31.169,0.0
2017-10-30 19:21:00-04:00,1,19,31.161,0.0
2017-10-30 19:22:00-04:00,1,19,31.161,0.0
2017-10-30 19:23:00-04:00,1,19,31.161,0.0
2017-10-30 19:24:00-04:00,1,19,31.161,0.0
2017-10-30 19:25:00-04:00,1,19,31.161,0.0
2017-10-30 19:26:00-04:00,1,19,31.156,0.0
2017-10-30 19:27:00-04:00,1,19,31.156,0.0
2017-10-30 19:28:00-04:00,1,19,31.156,0.0
2017-10-30 19:29:00-04:00,1,19,31.156,0.0
2017-10-30 19:30:00-04:00,1,19,31.156,0.0
2017-10-30 19:31:00-04:00,1,19,31.152,0.0
2017-10-30 19:32:00-04:00,1,19,31.152,0.0
2017-10-30 19:33:00-04:00,1,19,31.152,0.0
2017-10-30 19:34:00-04:00,1,19,31.152,0.0
2017-10-30 19:35:00-04:00,1,19,31.152,0.0
2017-10-30 19:36:00-04:00,1,19,31.146,0.0
2017-10-30 19:37:00-04:00,1,19,31.146,0.0
2017-10-30 19:38:00-04:00,1,19,31.146,0.0
2017-10-30 19:39:00-04:00,1,19,31.146,0.0
2017-10-30 19:40:00-04:00,1,19,31.146,0.0
2017-10-30 19:41:00-04:00,1,19,31.129,0.0
2017-10-30 19:42:00-04:00,1,19,31.129,0.0
2017-10-30 19:43:00-04:00,1,19,31.129,0.0
2017-10-30 19:44:00-04:00,1,19,31.129,0.0
2017-10-30 19:45:00-04:00,1,19,31.129,0.0
2017-10-30 19:46:00-04:00,1,19,31.093,0.0
2017-10-30 19:47:00-04:00,1,19,31.093,0.0
2017-10-30 19:48:00-04:00,1,19,31.093,0.0
2017-10-30 19:49:00-04:00,1,19,31.093,0.0
2017-10-30 19:50:00-04:00,1,19,31.093,0.0
2017-10-30 19:51:00-04:00,1,19,31.029,0.0
2017-10-30 19:52:00-04:00,1,19,31.029,0.0
2017-10-30 19:53:00-04:00,1,19,31.029,0.0
2017-10-30 19:54:00-04:00,1,19,31.029,0.0
2017-10-30 19:55:00-04:00,1,19,31.029,0.0
2017-10-30 19:56:00-04:00,1,19,30.936,0.0
2017-10-30 19:57:00-04:00,1,19,30.936,0.0
2017-10-30 19:58:00-04:00,1,19,30.936,0.0
2017-10-30 19:59:00-04:00,1,19,30.936,0.0
2017-10-30 20:00:00-04:00,1,20,30.936,0.0
2017-10-30 20:01:00-04:00,1,20,30.816,0.0
2017-10-30 20:02:00-04:00,1,20,30.816,0.0
2017-10-30 20:03:00-04:00,1,20,30.816,0.0
2017-10-30 20:04:00-04:00,1,20,30.816,0.0
2017-10-30 20:05:00-04:00,1,20,30.816,0.0
2017-10-30 20:06:00-04:00,1,20,30.681,0.0
2017-10-30 20:07:00-04:00,1,20,30.681,0.0
2017-10-30 20:08:00-04:00,1,20,30.681,0.0
2017-10-30 20:09:00-04:00,1,20,30.681,0.0
2017-10-30 20:10:00-04:00,1,20,30.681,0.0
2017-10-30 20:11:00-04:00,1,20,30.546,0.0
2017-10-30 20:12:00-04:00,1,20,30.546,0.0
2017-10-30 20:13:00-04:00,1,20,30.546,0.0
2017-10-30 20:14:00-04:00,1,20,30.546,0.0
2017-10-30 20:15:00-04:00,1,20,30.546,0.0
2017-10-30 20:16:00-04:00,1,20,30.424,0.0
2017-10-30 20:17:00-04:00,1,20,30.424,0.0
2017-10-30 20:18:00-04:00,1,20,30.424,0.0
2017-10-30 20:19:00-04:00,1,20,30.424,0.0
2017-10-30 20:20:00-04:00,1,20,30.424,0.0
2017-10-30 20:21:00-04:00,1,20,30.325,0.0
2017-10-30 20:22:00-04:00,1,20,30.325,0.0
2017-10-30 20:23:00-04:00,1,20,30.325,0.0
2017-10-30 20:24:00-04:00,1,20,30.325,0.0
2017-10-30 20:25:00-04:00,1,20,30.325,0.0
2017-10-30 20:26:00-04:00,1,20,30.249,0.0
2017-10-30 20:27:00-04:00,1,20,30.249,0.0
2017-10-30 20:28:00-04:00,1,20,30.249,0.0
2017-10-30 20:29:00-04:00,1,20,30.249,0.0
2017-10-30 20:30:00-04:00,1,20,30.249,0.0
2017-10-30 20:31:00-04:00,1,20,30.193,0.0
2017-10-30 20:32:00-04:00,1,20,30.193,0.0
2017-10-30 20:33:00-04:00,1,20,30.193,0.0
2017-10-30 20:34:00-04:00,1,20,30.193,0.0
2017-10-30 20:35:00-04:00,1,20,30.193,0.0
2017-10-30 20:36:00-04:00,1,20,30.146,0.0
2017-10-30 20:37:00-04:00,1,20,30.146,0.0
2017-10-30 20:38:00-04:00,1,20,30.146,0.0
2017-10-30 20:39:00-04:00,1,20,30.146,0.0
2017-10-30 20:40:00-04:00,1,20,30.146,0.0
2017-10-30 20:41:00-04:00,1,20,30.1,0.0
2017-10-30 20:42:00-04:00,1,20,30.1,0.0
2017-10-30 20:43:00-04:00,1,20,30.1,0.0
2017-10-30 20:44:00-04:00,1,20,30.1,0.0
2017-10-30 20:45:00-04:00,1,20,30.1,0.0
2017-10-30 20:46:00-04:00,1,20,30.052,0.0
2017-10-30 20:47:00-04:00,1,20,30.052,0.0
2017-10-30 20:48:00-04:00,1,20,30.052,0.0
2017-10-30 20:49:00-04:00,1,20,30.052,0.0
2017-10-30 20:50:00-04:00,1,20,30.052,0.0
2017-10-30 20:51:00-04:00,1,20,30.001,0.0
2017-10-30 20:52:00-04:00,1,20,30.001,0.0
2017-10-30 20:53:00-04:00,1,20,30.001,0.0
2017-10-30 20:54:00-04:00,1,20,30.001,0.0
2017-10-30 20:55:00-04:00,1,20,30.001,0.0
2017-10-30 20:56:00-04:00,1,20,29.955,0.0
2017-10-30 20:57:00-04:00,1,20,29.955,0.0
2017-10-30 20:58:00-04:00,1,20,29.955,0.0
2017-10-30 20:59:00-04:00,1,20,29.955,0.0
2017-10-30 21:00:00-04:00,1,21,29.955,0.0
2017-10-30 21:01:00-04:00,1,21,29.918,0.0
2017-10-30 21:02:00-04:00,1,21,29.918,0.0
2017-10-30 21:03:00-04:00,1,21,29.918,0.0
2017-10-30 21:04:00-04:00,1,21,29.918,0.0
2017-10-30 21:05:00-04:00,1,21,29.918,0.0
2017-10-30 21:06:00-04:00,1,21,29.893,0.0
2017-10-30 21:07:00-04:00,1,21,29.893,0.0
2017-10-30 21:08:00-04:00,1,21,29.893,0.0
2017-10-30 21:09:00-04:00,1,21,29.893,0.0
2017-10-30 21:10:00-04:00,1,21,29.893,0.0
2017-10-30 21:11:00-04:00,1,21,29.877,0.0
2017-10-30 21:12:00-04:00,1,21,29.877,0.0
2017-10-30 21:13:00-04:00,1,21,29.877,0.0
2017-10-30 21:14:00-04:00,1,21,29.877,0.0
2017-10-30 21:15:00-04:00,1,21,29.877,0.0
2017-10-30 21:16:00-04:00,1,21,29.859,0.0
2017-10-30 21:17:00-04:00,1,21,29.859,0.0
2017-10-30 21:18:00-04:00,1,21,29.859,0.0
2017-10-30 21:19:00-04:00,1,21,29.859,0.0
2017-10-30 21:20:00-04:00,1,21,29.859,0.0
2017-10-30 21:21:00-04:00,1,21,29.824,0.0
2017-10-30 21:22:00-04:00,1,21,29.824,0.0
2017-10-30 21:23:00-04:00,1,21,29.824,0.0
2017-10-30 21:24:00-04:00,1,21,29.824,0.0
2017-10-30 21:25:00-04:00,1,21,29.824,0.0
2017-10-30 21:26:00-04:00,1,21,29.759,0.0
2017-10-30 21:27:00-04:00,1,21,29.759,0.0
2017-10-30 21:28:00-04:00,1,21,29.759,0.0
2017-10-30 21:29:00-04:00,1,21,29.759,0.0
2017-10-30 21:30:00-04:00,1,21,29.759,0.0
2017-10-30 21:31:00-04:00,1,21,29.662,0.0
2017-10-30 21:32:00-04:00,1,21,29.662,0.0
2017-10-30 21:33:00-04:00,1,21,29.662,0.0
2017-10-30 21:34:00-04:00,1,21,29.662,0.0
2017-10-30 21:35:00-04:00,1,21,29.662,0.0
2017-10-30 21:36:00-04:00,1,21,29.535,0.0
2017-10-30 21:37:00-04:00,1,21,29.535,0.0
2017-10-30 21:38:00-04:00,1,21,29.535,0.0
2017-10-30 21:39:00-04:00,1,21,29.535,0.0
2017-10-30 21:40:00-04:00,1,21,29.535,0.0
2017-10-30 21:41:00-04:00,1,21,29.392,0.0
2017-10-30 21:42:00-04:00,1,21,29.392,0.0
2017-10-30 21:43:00-04:00,1,21,29.392,0.0
2017-10-30 21:44:00-04:00,1,21,29.392,0.0
2017-10-30 21:45:00-04:00,1,21,29.392,0.0
2017-10-30 21:46:00-04:00,1,21,29.248,0.0
2017-10-30 21:47:00-04:00,1,21,29.248,0.0
2017-10-30 21:48:00-04:00,1,21,29.248,0.0
2017-10-30 21:49:00-04:00,1,21,29.248,0.0
2017-10-30 21:50:00-04:00,1,21,29.248,0.0
2017-10-30 21:51:00-04:00,1,21,29.114,0.0
2017-10-30 21:52:00-04:00,1,21,29.114,0.0
2017-10-30 21:53:00-04:00,1,21,29.114,0.0
2017-10-30 21:54:00-04:00,1,21,29.114,0.0
2017-10-30 21:55:00-04:00,1,21,29.114,0.0
2017-10-30 21:56:00-04:00,1,21,28.993,0.0
2017-10-30 21:57:00-04:00,1,21,28.993,0.0
2017-10-30 21:58:00-04:00,1,21,28.993,0.0
2017-10-30 21:59:00-04:00,1,21,28.993,0.0
2017-10-30 22:00:00-04:00,1,22,28.993,0.0
2017-10-30 22:01:00-04:00,1,22,28.882,0.0
2017-10-30 22:02:00-04:00,1,22,28.882,0.0
2017-10-30 22:03:00-04:00,1,22,28.882,0.0
2017-10-30 22:04:00-04:00,1,22,28.882,0.0
2017-10-30 22:05:00-04:00,1,22,28.882,0.0
2017-10-30 22:06:00-04:00,1,22,28.773,0.0
2017-10-30 22:07:00-04:00,1,22,28.773,0.0
2017-10-30 22:08:00-04:00,1,22,28.773,0.0
2017-10-30 22:09:00-04:00,1,22,28.773,0.0
2017-10-30 22:10:00-04:00,1,22,28.773,0.0
2017-10-30 22:11:00-04:00,1,22,28.662,0.0
2017-10-30 22:12:00-04:00,1,22,28.662,0.0
2017-10-30 22:13:00-04:00,1,22,28.662,0.0
2017-10-30 22:14:00-04:00,1,22,28.662,0.0
2017-10-30 22:15:00-04:00,1,22,28.662,0.0
2017-10-30 22:16:00-04:00,1,22,28.553,0.0
2017-10-30 22:17:00-04:00,1,22,28.553,0.0
2017-10-30 22:18:00-04:00,1,22,28.553,0.0
2017-10-30 22:19:00-04:00,1,22,28.553,0.0
2017-10-30 22:20:00-04:00,1,22,28.553,0.0
2017-10-30 22:21:00-04:00,1,22,28.456,0.0
2017-10-30 22:22:00-04:00,1,22,28.456,0.0
2017-10-30 22:23:00-04:00,1,22,28.456,0.0
2017-10-30 22:24:00-04:00,1,22,28.456,0.0
2017-10-30 22:25:00-04:00,1,22,28.456,0.0
2017-10-30 22:26:00-04:00,1,22,28.38,0.0
2017-10-30 22:27:00-04:00,1,22,28.38,0.0
2017-10-30 22:28:00-04:00,1,22,28.38,0.0
2017-10-30 22:29:00-04:00,1,22,28.38,0.0
2017-10-30 22:30:00-04:00,1,22,28.38,0.0
2017-10-30 22:31:00-04:00,1,22,28.33,0.0
2017-10-30 22:32:00-04:00,1,22,28.33,0.0
2017-10-30 22:33:00-04:00,1,22,28.33,0.0
2017-10-30 22:34:00-04:00,1,22,28.33,0.0
2017-10-30 22:35:00-04:00,1,22,28.33,0.0
2017-10-30 22:36:00-04:00,1,22,28.294,0.0
2017-10-30 22:37:00-04:00,1,22,28.294,0.0
2017-10-30 22:38:00-04:00,1,22,28.294,0.0
2017-10-30 22:39:00-04:00,1,22,28.294,0.0
2017-10-30 22:40:00-04:00,1,22,28.294,0.0
2017-10-30 22:41:00-04:00,1,22,28.253,0.0
2017-10-30 22:42:00-04:00,1,22,28.253,0.0
2017-10-30 22:43:00-04:00,1,22,28.253,0.0
2017-10-30 22:44:00-04:00,1,22,28.253,0.0
2017-10-30 22:45:00-04:00,1,22,28.253,0.0
2017-10-30 22:46:00-04:00,1,22,28.18,0.0
2017-10-30 22:47:00-04:00,1,22,28.18,0.0
2017-10-30 22:48:00-04:00,1,22,28.18,0.0
2017-10-30 22:49:00-04:00,1,22,28.18,0.0
2017-10-30 22:50:00-04:00,1,22,28.18,0.0
2017-10-30 22:51:00-04:00,1,22,28.061,0.0
2017-10-30 22:52:00-04:00,1,22,28.061,0.0
2017-10-30 22:53:00-04:00,1,22,28.061,0.0
2017-10-30 22:54:00-04:00,1,22,28.061,0.0
2017-10-30 22:55:00-04:00,1,22,28.061,0.0
2017-10-30 22:56:00-04:00,1,22,27.899,0.0
2017-10-30 22:57:00-04:00,1,22,27.899,0.0
2017-10-30 22:58:00-04:00,1,22,27.899,0.0
2017-10-30 22:59:00-04:00,1,22,27.899,0.0
2017-10-30 23:00:00-04:00,1,23,27.899,0.0
2017-10-30 23:01:00-04:00,1,23,27.716,0.0
2017-10-30 23:02:00-04:00,1,23,27.716,0.0
2017-10-30 23:03:00-04:00,1,23,27.716,0.0
2017-10-30 23:04:00-04:00,1,23,27.716,0.0
2017-10-30 23:05:00-04:00,1,23,27.716,0.0
2017-10-30 23:06:00-04:00,1,23,27.55,0.0
2017-10-30 23:07:00-04:00,1,23,27.55,0.0
2017-10-30 23:08:00-04:00,1,23,27.55,0.0
2017-10-30 23:09:00-04:00,1,23,27.55,0.0
2017-10-30 23:10:00-04:00,1,23,27.55,0.0
2017-10-30 23:11:00-04:00,1,23,27.433,0.0
2017-10-30 23:12:00-04:00,1,23,27.433,0.0
2017-10-30 23:13:00-04:00,1,23,27.433,0.0
2017-10-30 23:14:00-04:00,1,23,27.433,0.0
2017-10-30 23:15:00-04:00,1,23,27.433,0.0
2017-10-30 23:16:00-04:00,1,23,27.382,0.0
2017-10-30 23:17:00-04:00,1,23,27.382,0.0
2017-10-30 23:18:00-04:00,1,23,27.382,0.0
2017-10-30 23:19:00-04:00,1,23,27.382,0.0
2017-10-30 23:20:00-04:00,1,23,27.382,0.0
2017-10-30 23:21:00-04:00,1,23,27.388,0.0
2017-10-30 23:22:00-04:00,1,23,27.388,0.0
2017-10-30 23:23:00-04:00,1,23,27.388,0.0
2017-10-30 23:24:00-04:00,1,23,27.388,0.0
2017-10-30 23:25:00-04:00,1,23,27.388,0.0
2017-10-30 23:26:00-04:00,1,23,27.42,0.0
2017-10-30 23:27:00-04:00,1,23,27.42,0.0
2017-10-30 23:28:00-04:00,1,23,27.42,0.0
2017-10-30 23:29:00-04:00,1,23,27.42,0.0
2017-10-30 23:30:00-04:00,1,23,27.42,0.0
2017-10-30 23:31:00-04:00,1,23,27.438,0.0
2017-10-30 23:32:00-04:00,1,23,27.438,0.0
2017-10-30 23:33:00-04:00,1,23,27.438,0.0
2017-10-30 23:34:00-04:00,1,23,27.438,0.0
2017-10-30 23:35:00-04:00,1,23,27.438,0.0
2017-10-30 23:36:00-04:00,1,23,27.41,0.0
2017-10-30 23:37:00-04:00,1,23,27.41,0.0
2017-10-30 23:38:00-04:00,1,23,27.41,0.0
2017-10-30 23:39:00-04:00,1,23,27.41,0.0
2017-10-30 23:40:00-04:00,1,23,27.41,0.0
2017-10-30 23:41:00-04:00,1,23,27.325,0.0
2017-10-30 23:42:00-04:00,1,23,27.325,0.0
2017-10-30 23:43:00-04:00,1,23,27.325,0.0
2017-10-30 23:44:00-04:00,1,23,27.325,0.0
2017-10-30 23:45:00-04:00,1,23,27.325,0.0
2017-10-30 23:46:00-04:00,1,23,27.196,0.0
2017-10-30 23:47:00-04:00,1,23,27.196,0.0
2017-10-30 23:48:00-04:00,1,23,27.196,0.0
2017-10-30 23:49:00-04:00,1,23,27.196,0.0
2017-10-30 23:50:00-04:00,1,23,27.196,0.0
2017-10-30 23:51:00-04:00,1,23,27.052,0.0
2017-10-30 23:52:00-04:00,1,23,27.052,0.0
2017-10-30 23:53:00-04:00,1,23,27.052,0.0
2017-10-30 23:54:00-04:00,1,23,27.052,0.0
2017-10-30 23:55:00-04:00,1,23,27.052,0.0
2017-10-30 23:56:00-04:00,1,23,26.922,0.0
2017-10-30 23:57:00-04:00,1,23,26.922,0.0
2017-10-30 23:58:00-04:00,1,23,26.922,0.0
2017-10-30 23:59:00-04:00,1,23,26.922,0.0
